,date_t2,swe,hn,time_t2,obs_year,swe_a,hn_a,swe_b,hn_b,swe_c,hn_c,den,week,geometry,latitude,longitude,easting,northing,zone,pitid,state,location,site,melt,comments,date_t1,days_between,uv_fp,inc,cor,int_hn_VV,unw_hn_VV,100_cor_VV,100_int_hn,100_unw_hn_VV,int_hn_VH,unw_hn_VH,100_cor_VH,100_unw_hn_VH,int_hn_HV,unw_hn_HV,100_cor_HV,100_unw_hn_HV,int_hn_HH,unw_hn_HH,100_cor_HH,100_unw_hn_HH
21,2020-02-19,0.015300000000000001,0.14,12:22:00,2019-2020,14.0,13.5,16.0,14.0,16.0,14.5,108.95785714285714,7,POINT (-115.23603 44.30462),44.30462,-115.23603,640700.0,4907220.0,11.0,IDBRBO,ID,Boise River Basin,Banner Open,No, ,2020-02-13,6 days,/bsuscratch/zacharykeskinen/data/uavsar/ncs/232_2020-02-13_2020-02-21.sd.nc,1.0870192050933838,0.3534655272960663,0.1015259176492691,,0.537969708442688,0.11354123055934906,0.1153981164097786,0.18355055153369904,,0.41236454248428345,0.10422979295253754,0.1516580879688263,0.13830018043518066,0.413779616355896,0.10534302145242691,0.11118870228528976,0.20150543749332428,0.48726198077201843,0.11573558300733566
31,2020-02-19,0.0173,0.157,10:45:00,2019-2020,17.0,15.0,17.0,16.0,18.0,16.0,109.86050955414012,7,POINT (-115.23454 44.3036),44.3036,-115.23454,640821.0,4907110.0,11.0,IDBRBS,ID,Boise River Basin,Banner Snotel,No, ,2020-02-13,6 days,/bsuscratch/zacharykeskinen/data/uavsar/ncs/232_2020-02-13_2020-02-21.sd.nc,0.9133458733558655,0.6995097994804382,0.10128022730350494,0.14681676030158997,0.4996744692325592,0.12867724895477295,0.13221651315689087,0.08980349451303482,0.12235433608293533,0.46760648488998413,0.11865387856960297,0.09496933221817017,0.11642001569271088,0.4678694009780884,0.1215343251824379,0.10837399214506149,0.12621021270751953,0.5141892433166504,0.1343567967414856
154,2020-02-21,0.035,0.17,14:20:00,2019-2020,35.0,17.0, , , , ,205.26470588235296,7,POINT (-116.091 43.757),43.757,-116.091,573175.0,4845285.0,11.0,IDBRBL,ID,Boise River Basin,Bogus Lower,Yes, ,2020-02-14,7 days,/bsuscratch/zacharykeskinen/data/uavsar/ncs/232_2020-02-13_2020-02-21.sd.nc,1.2769908905029297,0.2674572765827179,0.1776713877916336,,0.30032485723495483,0.09359940886497498,,-0.015181200578808784,,0.2988595962524414,,0.17736667394638062,,0.29720020294189453,,0.18936219811439514,,0.31018853187561035,
42,2020-02-20,0.0337,0.187,11:00:00,2019-2020,34.0,18.0,33.0,19.0,34.0,19.0,179.67326203208555,7,POINT (-116.09017 43.75881),43.75881,-116.09017,573240.0,4845487.0,11.0,IDBRBU,ID,Boise River Basin,Bogus Upper,No, ,2020-02-14,6 days,/bsuscratch/zacharykeskinen/data/uavsar/ncs/232_2020-02-13_2020-02-21.sd.nc,1.2566590309143066,0.35402584075927734,0.046890389174222946,,0.33434242010116577,0.11159788072109222,,0.12169145047664642,,0.3098301887512207,,0.10641775280237198,,0.30787011981010437,,0.1787503957748413,,0.3114244043827057,
174,2020-02-11,0.083,0.39,15:20:00,2019-2020,83.0,39.0, , , , ,212.18205128205128,6,POINT (-115.67506 43.94805),43.94805,-115.67506,606319.0,4866956.0,11.0,IDBRK3_20200211_0320,ID,Boise River Basin,K-3, , ,2020-01-29,13 days,/bsuscratch/zacharykeskinen/data/uavsar/ncs/232_2020-01-31_2020-02-13.sd.nc,1.2727400064468384,0.5768882632255554,-0.02814321406185627,,0.4797704219818115,0.005282511934638023,,-0.01977906934916973,,0.4099598228931427,,0.0028975196182727814,,0.43486738204956055,,0.005837417207658291,,0.42352956533432007,
177,2020-03-03,0.008,0.03,15:20:00,2019-2020,8.0,3.0, , , , ,265.8666666666667,9,POINT (-115.67506 43.94805),43.94805,-115.67506,606319.0,4866956.0,11.0,IDBRK3_20200303_1520,ID,Boise River Basin,K-3, , ,2020-02-26,6 days,/bsuscratch/zacharykeskinen/data/uavsar/ncs/232_2021-02-03_2021-02-10.sd.nc,1.2727400064468384,0.7119069695472717,-0.07983127236366272,-0.06702964752912521,0.5234841704368591,-0.06015491113066673,-0.05798618867993355,-0.15550948679447174,-0.08932700008153915,0.415761798620224,-0.05869632214307785,-0.14129018783569336,-0.09769711643457413,0.44294974207878113,-0.05709657445549965,-0.05738655850291252,-0.0742911845445633,0.4848107397556305,-0.06714138388633728
184,2020-03-11,0.019,0.08,15:40:00,2019-2020,19.0,8.0, , , , ,236.7875,10,POINT (-115.67213 43.94712),43.94712,-115.67213,606556.0,4866857.0,11.0,IDBRK4_20200311_1540,ID,Boise River Basin,K-4, , ,2020-03-03,8 days,/bsuscratch/zacharykeskinen/data/uavsar/ncs/232_2021-02-03_2021-02-10.sd.nc,1.2890677452087402,0.37793731689453125,-0.06561105698347092,-0.041324764490127563,0.4428049921989441,-0.03345134109258652,-0.02496308647096157,-0.06308422237634659,-0.04189607873558998,0.38280633091926575,-0.026443075388669968,-0.05146622285246849,-0.04078720882534981,0.387012779712677,-0.026176817715168,-0.0773785412311554,-0.03413781896233559,0.40458157658576965,-0.03098978102207184
7,2020-02-12,0.0427,0.11,15:19:00,2019-2020,44.0,11.0,39.0,11.0,45.0,11.0,387.0172727272727,6,POINT (-116.12188 43.73705),43.73705,-116.12188,570713.0,4843043.0,11.0,IDBRLO,ID,Boise River Basin,LDP Open,Yes, ,2020-01-31,12 days,/bsuscratch/zacharykeskinen/data/uavsar/ncs/232_2020-01-31_2020-02-13.sd.nc,1.2658731937408447,0.6482797265052795,0.10323801636695862,,0.34428972005844116,0.04807419702410698,,0.12287574261426926,,0.3300227224826813,,0.12805606424808502,,0.33265647292137146,,0.11990709602832794,,0.3453563153743744,
8,2020-02-20,0.0277,0.155,08:45:00,2019-2020,29.0,16.0,25.0,15.0,29.0,15.5,178.1735483870968,7,POINT (-116.12185 43.73703),43.73703,-116.12185,570715.0,4843041.0,11.0,IDBRLO,ID,Boise River Basin,LDP Open,No, ,2020-02-12,8 days,/bsuscratch/zacharykeskinen/data/uavsar/ncs/232_2020-02-13_2020-02-21.sd.nc,1.2658731937408447,0.2674257755279541,0.15233750641345978,0.12835142016410828,0.43095019459724426,0.09892889857292175,0.14588411152362823,0.08538234233856201,,0.4020361304283142,0.13159847259521484,0.09037366509437561,,0.4035615622997284,0.14480777084827423,0.1910545527935028,,0.4309558868408203,0.1638951599597931
13,2020-02-20,0.024300000000000002,0.145,10:42:00,2019-2020,22.0,14.0,26.0,15.0,25.0,14.5,167.08344827586208,7,POINT (-116.12052 43.73634),43.73634,-116.12052,570823.0,4842965.0,11.0,IDBRLT,ID,Boise River Basin,LDP Tree,No, ,2020-02-12,8 days,/bsuscratch/zacharykeskinen/data/uavsar/ncs/232_2020-02-13_2020-02-21.sd.nc,1.2091959714889526,0.3808526396751404,0.1981227695941925,,0.37568235397338867,0.06320039927959442,0.05538162961602211,-0.034979186952114105,,0.36117538809776306,0.03461502492427826,0.20523542165756226,,0.3565956950187683,0.04414890334010124,-0.025682857260107994,,0.3913879692554474,0.015431253239512444
195,2020-02-26,0.01,0.05,11:00:00,2019-2020,10.0,5.0, , , , ,199.39999999999998,8,POINT (-115.66576 43.93209),43.93209,-115.66576,607094.0,4865196.0,11.0,IDBRMC,ID,Boise River Basin,Mores Creek Summit, ,last measurement was 2020-02-18.,2020-02-18,8 days,/bsuscratch/zacharykeskinen/data/uavsar/ncs/232_2021-03-03_2021-03-10.sd.nc,1.274491548538208,0.7571265697479248,-0.09274362027645111,-0.08935016393661499,0.3739730417728424,-0.11308865249156952,-0.10229136794805527,-0.09174087643623352,-0.087703175842762,0.376485139131546,-0.09586368501186371,-0.09134113788604736,-0.08760813623666763,0.37919285893440247,-0.097686268389225,-0.09036192297935486,-0.1296635866165161,0.3776853680610657,-0.09268378466367722
200,2020-02-11,0.116,0.47,13:00:00,2019-2020,116.0,47.0, , , , ,246.068085106383,6,POINT (-115.68155 43.95496),43.95496,-115.68155,605786.0,4867715.0,11.0,IDBRT1_20200211_0100,ID,Boise River Basin,TOW-1, , ,2020-02-05,6 days,/bsuscratch/zacharykeskinen/data/uavsar/ncs/232_2021-01-20_2021-01-27.sd.nc,1.2032358646392822,0.3213195502758026,-0.05157914012670517,-0.009672210551798344,0.4805057644844055,-0.014409287832677364,-0.023409930989146233,-0.029463225975632668,-0.04403085634112358,0.42547762393951416,-0.020346902310848236,-0.028369944542646408,-0.0402342863380909,0.43619051575660706,-0.02129950560629368,0.011507950723171234,-0.000946804357226938,0.46290674805641174,-0.023524852469563484
201,2020-02-18,0.038,0.27,13:00:00,2019-2020,38.0,27.0, , , , ,140.3185185185185,7,POINT (-115.68155 43.95496),43.95496,-115.68155,605786.0,4867715.0,11.0,IDBRT1_20200218_1300,ID,Boise River Basin,TOW-1, , ,2020-02-11,7 days,/bsuscratch/zacharykeskinen/data/uavsar/ncs/232_2021-01-27_2021-02-03.sd.nc,1.2032358646392822,0.4009275436401367,0.16223543882369995,,0.43442749977111816,0.16734722256660461,,0.12634491920471191,,0.3899436593055725,,0.1551239788532257,,0.3947461247444153,,0.21005003154277802,,0.4015437066555023,
202,2020-02-26,0.004,0.02,13:00:00,2019-2020,4.0,2.0, , , , ,199.4,8,POINT (-115.68155 43.95496),43.95496,-115.68155,605786.0,4867715.0,11.0,IDBRT1_20200226_1300,ID,Boise River Basin,TOW-1, , ,2020-02-18,8 days,/bsuscratch/zacharykeskinen/data/uavsar/ncs/232_2021-02-03_2021-02-10.sd.nc,1.2032358646392822,0.9106125235557556,-0.0071196239441633224,-0.02289990335702896,0.49577781558036804,-0.02748880162835121,-0.002452143933624029,0.04723280295729637,-0.003072375198826194,0.44276857376098633,-0.003005013568326831,0.04121566191315651,-0.005224097985774279,0.4426506459712982,-0.0016540682408958673,0.0007739430875517428,-0.013752361759543419,0.47228163480758667,-0.00760677270591259
212,2020-02-11,0.065,0.34,14:00:00,2019-2020,65.0,34.0, , , , ,190.60294117647058,6,POINT (-115.67988 43.95254),43.95254,-115.67988,605924.0,4867449.0,11.0,IDBRT3_20200211_0200,ID,Boise River Basin,TOW-3, , ,2020-02-05,6 days,/bsuscratch/zacharykeskinen/data/uavsar/ncs/232_2021-01-27_2021-02-03.sd.nc,0.9031803607940674,0.7737159729003906,0.2598187029361725,,0.5935055613517761,0.27000463008880615,,0.2790146768093109,,0.47460436820983887,,0.2748342752456665,,0.4861225485801697,,0.2913275957107544,,0.5435414910316467,
172,2020-02-19,0.055,0.355,12:00,2020-2021,55.0,37.0,55.0,34.0, , ,154.46478873239437,7,POINT (-116.13968 43.73154),43.73154,-116.13968,,,,IDBRB1,ID,Boise River Basin,BB_1,Yes, ,2020-02-12,7 days,/bsuscratch/zacharykeskinen/data/uavsar/ncs/232_2020-02-13_2020-02-21.sd.nc,1.2727400064468384,0.6060488820075989,0.13423019647598267,0.12527307868003845,0.4484853148460388,0.0961754322052002,0.08311554044485092,0.13610351085662842,0.14308857917785645,0.37351006269454956,0.08799078315496445,0.12170904129743576,0.12983696162700653,0.3615717887878418,0.08883219957351685,0.14757339656352997,0.11973028630018234,0.3914138972759247,0.09349293261766434
174,2021-01-12,0.016,0.09,11:00,2020-2021,18.0,10.0,13.0,8.0, , ,177.24444444444444,1,POINT (-116.13968 43.73154),43.73154,-116.13968,,,,IDBRB1,ID,Boise River Basin,BB_1,Yes, ,2020-02-25,322 days,/bsuscratch/zacharykeskinen/data/uavsar/ncs/232_2020-01-31_2020-02-13.sd.nc,1.2727400064468384,0.5768882632255554,-0.02814321406185627,,0.4797704219818115,0.005282511934638023,,-0.01977906934916973,,0.4099598228931427,,0.0028975196182727814,,0.43486738204956055,,0.005837417207658291,,0.42352956533432007,
177,2021-02-12,0.018,0.175,16:00,2020-2021,19.0,17.5,17.0,16.5,18.5,18.5,102.54857142857142,5,POINT (-116.13968 43.73154),43.73154,-116.13968,,,,IDBRB1,ID,Boise River Basin,BB_1,Yes, ,2021-02-03,9 days,/bsuscratch/zacharykeskinen/data/uavsar/ncs/232_2021-02-03_2021-02-10.sd.nc,1.2727400064468384,0.7119069695472717,-0.07983127236366272,-0.06702964752912521,0.5234841704368591,-0.06015491113066673,-0.05798618867993355,-0.15550948679447174,-0.08932700008153915,0.415761798620224,-0.05869632214307785,-0.14129018783569336,-0.09769711643457413,0.44294974207878113,-0.05709657445549965,-0.05738655850291252,-0.0742911845445633,0.4848107397556305,-0.06714138388633728
184,2021-02-12,0.024,0.19699999999999998,13:30,2020-2021,24.0,20.5,24.0,19.0,24.5,19.5,121.46192893401017,5,POINT (-116.1227 43.73302),43.73302,-116.1227,,,,IDBRB2,ID,Boise River Basin,BB_2,Yes, ,2021-02-03,9 days,/bsuscratch/zacharykeskinen/data/uavsar/ncs/232_2021-02-03_2021-02-10.sd.nc,1.2890677452087402,0.37793731689453125,-0.06561105698347092,-0.041324764490127563,0.4428049921989441,-0.03345134109258652,-0.02496308647096157,-0.06308422237634659,-0.04189607873558998,0.38280633091926575,-0.026443075388669968,-0.05146622285246849,-0.04078720882534981,0.387012779712677,-0.026176817715168,-0.0773785412311554,-0.03413781896233559,0.40458157658576965,-0.03098978102207184
195,2021-03-09,0.002,0.01,12:00,2020-2021,2.0,1.0,2.0,1.0,3.0,1.0,199.4,9,POINT (-116.1209 43.73636),43.73636,-116.1209,,,,IDBRB3,ID,Boise River Basin,BB_3,Yes,Time taken from snow pit time. ,2021-03-02,7 days,/bsuscratch/zacharykeskinen/data/uavsar/ncs/232_2021-03-03_2021-03-10.sd.nc,1.274491548538208,0.7571265697479248,-0.09274362027645111,-0.08935016393661499,0.3739730417728424,-0.11308865249156952,-0.10229136794805527,-0.09174087643623352,-0.087703175842762,0.376485139131546,-0.09586368501186371,-0.09134113788604736,-0.08760813623666763,0.37919285893440247,-0.097686268389225,-0.09036192297935486,-0.1296635866165161,0.3776853680610657,-0.09268378466367722
200,2021-01-26,0.009,0.026000000000000002,12:05,2020-2021,7.62,2.5,10.16,2.8,10.16,2.5,345.1153846153845,3,POINT (-116.12167 43.73747),43.73747,-116.12167,,,,IDBRB4,ID,Boise River Basin,BB_4,Yes, ,2021-01-20,6 days,/bsuscratch/zacharykeskinen/data/uavsar/ncs/232_2021-01-20_2021-01-27.sd.nc,1.2032358646392822,0.3213195502758026,-0.05157914012670517,-0.009672210551798344,0.4805057644844055,-0.014409287832677364,-0.023409930989146233,-0.029463225975632668,-0.04403085634112358,0.42547762393951416,-0.020346902310848236,-0.028369944542646408,-0.0402342863380909,0.43619051575660706,-0.02129950560629368,0.011507950723171234,-0.000946804357226938,0.46290674805641174,-0.023524852469563484
201,2021-02-04,0.015,0.107,10:35,2020-2021,15.0,10.0,14.0,11.0,15.0,11.0,139.7663551401869,4,POINT (-116.12167 43.73747),43.73747,-116.12167,,,,IDBRB4,ID,Boise River Basin,BB_4,Yes,Time taken from snow pit time. Near base of snow is _____? (M.Mason doesn't know what the field sheet says). ,2021-01-26,9 days,/bsuscratch/zacharykeskinen/data/uavsar/ncs/232_2021-01-27_2021-02-03.sd.nc,1.2032358646392822,0.4009275436401367,0.16223543882369995,,0.43442749977111816,0.16734722256660461,,0.12634491920471191,,0.3899436593055725,,0.1551239788532257,,0.3947461247444153,,0.21005003154277802,,0.4015437066555023,
202,2021-02-09,0.0,0.0,11:30,2020-2021,0.0,0.0,0.0,0.0,0.0,0.0,,5,POINT (-116.12167 43.73747),43.73747,-116.12167,,,,IDBRB4,ID,Boise River Basin,BB_4,No,Time taken from pit sheet time. ,2021-02-04,5 days,/bsuscratch/zacharykeskinen/data/uavsar/ncs/232_2021-02-03_2021-02-10.sd.nc,1.2032358646392822,0.9106125235557556,-0.0071196239441633224,-0.02289990335702896,0.49577781558036804,-0.02748880162835121,-0.002452143933624029,0.04723280295729637,-0.003072375198826194,0.44276857376098633,-0.003005013568326831,0.04121566191315651,-0.005224097985774279,0.4426506459712982,-0.0016540682408958673,0.0007739430875517428,-0.013752361759543419,0.47228163480758667,-0.00760677270591259
210,2021-01-22,0.006,0.038,13:30,2020-2021,6.0,3.5,6.0,4.0, , ,157.42105263157896,2,POINT (-116.10379 43.76006),43.76006,-116.10379,,,,IDBRB5,ID,Boise River Basin,BB_5,Yes, ,2021-01-16,6 days,/bsuscratch/zacharykeskinen/data/uavsar/ncs/232_2021-01-15_2021-01-20.sd.nc,0.9031803607940674,0.7209568023681641,0.04334048554301262,0.05222199112176895,0.7265216112136841,0.05680793523788452,0.06383674591779709,0.0391058549284935,0.05744702368974686,0.6529116034507751,0.06831039488315582,0.036088358610868454,0.05418489873409271,0.6641538739204407,0.06745188683271408,0.05548055097460747,0.05859873443841934,0.6974695324897766,0.06376630067825317
211,2021-01-29,0.024,0.207,14:40,2020-2021,25.0,21.0,21.0,19.0,26.5,22.0,115.59420289855072,3,POINT (-116.10379 43.76006),43.76006,-116.10379,,,,IDBRB5,ID,Boise River Basin,BB_5,No, ,2021-01-22,7 days,/bsuscratch/zacharykeskinen/data/uavsar/ncs/232_2021-01-20_2021-01-27.sd.nc,0.9031803607940674,0.14837320148944855,0.06814762204885483,0.02166064642369747,0.5694841742515564,-0.00260353134945035,0.0008710010442882776,0.058401014655828476,0.00382183282636106,0.45846909284591675,-0.0020474845077842474,0.04532201960682869,-0.01370727363973856,0.4797746241092682,-0.006108334753662348,0.04408907890319824,-0.0018046072218567133,0.5123269557952881,-0.0020889341831207275
212,2021-02-05,0.022,0.16,13:30,2020-2021,20.0,15.5,23.0,16.5, , ,137.08749999999998,4,POINT (-116.10379 43.76006),43.76006,-116.10379,,,,IDBRB5,ID,Boise River Basin,BB_5,No, ,2021-01-29,7 days,/bsuscratch/zacharykeskinen/data/uavsar/ncs/232_2021-01-27_2021-02-03.sd.nc,0.9031803607940674,0.7737159729003906,0.2598187029361725,,0.5935055613517761,0.27000463008880615,,0.2790146768093109,,0.47460436820983887,,0.2748342752456665,,0.4861225485801697,,0.2913275957107544,,0.5435414910316467,
222,2021-01-22,0.009,0.07,12:15,2020-2021,8.5,7.0,9.0,7.0, , ,128.18571428571428,2,POINT (-116.09092 43.75717),43.75717,-116.09092,,,,IDBRB6,ID,Boise River Basin,BB_6,Yes, ,2021-01-14,8 days,/bsuscratch/zacharykeskinen/data/uavsar/ncs/232_2021-01-15_2021-01-20.sd.nc,1.2723634243011475,0.6996211409568787,0.06271014362573624,0.04985417425632477,0.6422386765480042,0.03232260048389435,0.03438779339194298,0.056007564067840576,0.04770643636584282,0.6083536148071289,0.033122360706329346,0.055978238582611084,0.05373606085777283,0.625137448310852,0.033664632588624954,0.05842128023505211,0.03284613788127899,0.640234649181366,0.034840721637010574
223,2021-01-27,0.008,0.08199999999999999,14:00,2020-2021,8.0,8.0,8.5,8.5,8.5,8.0,97.26829268292684,3,POINT (-116.09092 43.75717),43.75717,-116.09092,,,,IDBRB6,ID,Boise River Basin,BB_6,No, ,2021-01-22,5 days,/bsuscratch/zacharykeskinen/data/uavsar/ncs/232_2021-01-20_2021-01-27.sd.nc,1.2723634243011475,0.6712607145309448,-0.03238491714000702,,0.3201516270637512,-0.0035631905775517225,0.005586666986346245,-0.04721522703766823,,0.3020573854446411,,0.058179210871458054,-0.0005445934366434813,0.30039820075035095,-0.01162769179791212,-0.02757393755018711,,0.31330665946006775,-0.008032377809286118
224,2021-02-02,0.03,0.21,14:00,2020-2021,30.0,21.0,30.5,21.0,31.0,21.0,142.42857142857142,4,POINT (-116.09092 43.75717),43.75717,-116.09092,,,,IDBRB6,ID,Boise River Basin,BB_6,Yes, ,2021-01-27,6 days,/bsuscratch/zacharykeskinen/data/uavsar/ncs/232_2021-01-27_2021-02-03.sd.nc,1.2723634243011475,0.09685185551643372,0.0719689130783081,,0.3161732852458954,0.1548965573310852,,0.08647961914539337,,0.3119678497314453,,0.07475563138723373,,0.31439074873924255,,0.2016056776046753,,0.3095618784427643,
227,2021-03-09,0.006,0.027000000000000003,15:30,2020-2021,5.5,2.5,4.5,2.0,7.0,3.5,221.55555555555554,9,POINT (-116.09092 43.75717),43.75717,-116.09092,,,,IDBRB6,ID,Boise River Basin,BB_6,No, ,2021-03-02,7 days,/bsuscratch/zacharykeskinen/data/uavsar/ncs/232_2021-03-03_2021-03-10.sd.nc,1.2723634243011475,0.2560989558696747,-0.1652044802904129,-0.16415150463581085,0.3381701409816742,-0.14467576146125793,-0.15919899940490723,-0.2623445689678192,,0.34502387046813965,-0.16124208271503448,-0.10140727460384369,-0.14500916004180908,0.34354493021965027,-0.16094014048576355,-0.17114712297916412,-0.13648153841495514,0.3356369137763977,-0.15806828439235687
228,2021-03-18,0.0,0.0,14:00,2020-2021,0.0,0.0, , , , ,,10,POINT (-116.09092 43.75717),43.75717,-116.09092,,,,IDBRB6,ID,Boise River Basin,BB_6,No, ,2021-03-09,9 days,/bsuscratch/zacharykeskinen/data/uavsar/ncs/232_2021-03-10_2021-03-16.sd.nc,1.2723634243011475,0.1154586598277092,-0.11362121254205704,-0.09970024973154068,0.4629744589328766,-0.07704517990350723,-0.08046574890613556,-0.13682234287261963,-0.10363014787435532,0.44402408599853516,-0.08066819608211517,-0.1311488151550293,-0.10614101588726044,0.4485543370246887,-0.08076529949903488,-0.06912419945001602,,0.42155736684799194,-0.07619977742433548
229,2021-03-23,0.025,0.133,15:15,2020-2021,24.0,13.0,26.5,14.0,24.0,13.0,187.406015037594,11,POINT (-116.09092 43.75717),43.75717,-116.09092,,,,IDBRB6,ID,Boise River Basin,BB_6,Yes, ,2021-03-18,5 days,/bsuscratch/zacharykeskinen/data/uavsar/ncs/232_2021-03-16_2021-03-22.sd.nc,1.2723634243011475,0.5045614838600159,-0.01879025064408779,0.0006154890870675445,0.3438645899295807,0.0007959778304211795,0.003616234753280878,-0.007020017597824335,,0.3357817232608795,0.004811044316738844,-0.014980192296206951,,0.338390052318573,,-0.04035813733935356,-0.016880998387932777,0.34644001722335815,0.0018623808864504099
237,2021-01-22,0.01,0.07,12:00,2020-2021,9.5,7.0,10.0,7.0, , ,142.42857142857142,2,POINT (-116.09081 43.75729),43.75729,-116.09081,,,,IDBRB7,ID,Boise River Basin,BB_7,Yes, ,2021-01-14,8 days,/bsuscratch/zacharykeskinen/data/uavsar/ncs/232_2021-01-15_2021-01-20.sd.nc,1.27541184425354,0.3479359745979309,0.023671548813581467,0.028201421722769737,0.6532878279685974,0.030057411640882492,0.032115787267684937,0.020321734249591827,0.04476672038435936,0.6238396763801575,0.030401714146137238,0.03726543113589287,0.03558137267827988,0.6384782791137695,0.030953165143728256,0.05545828118920326,0.02288736216723919,0.6459239721298218,0.032790400087833405
240,2021-03-09,0.008,0.032,15:30,2020-2021,8.0,3.5,7.5,3.0, , ,249.25,9,POINT (-116.09081 43.75729),43.75729,-116.09081,,,,IDBRB7,ID,Boise River Basin,BB_7,No, ,2021-03-02,7 days,/bsuscratch/zacharykeskinen/data/uavsar/ncs/232_2021-03-03_2021-03-10.sd.nc,1.27541184425354,0.5360705256462097,-0.10736677795648575,-0.13263806700706482,0.3372659981250763,-0.1443159431219101,-0.1606399416923523,-0.18218988180160522,-0.18717889487743378,0.3492294251918793,-0.16368421912193298,-0.09181416779756546,-0.1645897775888443,0.34585607051849365,-0.16180670261383057,-0.09676473587751389,-0.1312675029039383,0.335887610912323,-0.15745535492897034
241,2021-03-18,0.0,0.0,14:00,2020-2021,0.0,0.0, , , , ,,10,POINT (-116.09081 43.75729),43.75729,-116.09081,,,,IDBRB7,ID,Boise River Basin,BB_7,No, ,2021-03-09,9 days,/bsuscratch/zacharykeskinen/data/uavsar/ncs/232_2021-03-10_2021-03-16.sd.nc,1.27541184425354,0.14483729004859924,-0.06426893174648285,-0.06103726103901863,0.4740668833255768,-0.07515903562307358,-0.07923905551433563,-0.04885217919945717,-0.052723515778779984,0.45239055156707764,-0.07913962006568909,-0.1869213730096817,-0.0657360851764679,0.4530443251132965,-0.07934388518333435,-0.038717836141586304,,0.4275151491165161,-0.07425292581319809
242,2021-03-23,0.026,0.14300000000000002,15:30,2020-2021,25.0,14.0,27.0,15.0,26.0,14.0,181.27272727272725,11,POINT (-116.09081 43.75729),43.75729,-116.09081,,,,IDBRB7,ID,Boise River Basin,BB_7,Yes, ,2021-03-18,5 days,/bsuscratch/zacharykeskinen/data/uavsar/ncs/232_2021-03-16_2021-03-22.sd.nc,1.27541184425354,0.21892160177230835,-0.05998265743255615,,0.33511584997177124,0.0017027943395078182,0.002834065817296505,-0.007643199060112238,,0.33981913328170776,0.0020538815297186375,0.0179166067391634,,0.33791616559028625,,0.01375473290681839,,0.3384118378162384,0.0024936306290328503
245,2021-02-04,0.002,0.002,8:00,2020-2021,2.0,0.3, ,0.2, , ,997.0,4,POINT (-115.51688 44.07249),44.07249,-115.51688,,,,IDBRL1,ID,Boise River Basin,LR_1,Yes,melt on all LR boards due to 20210202 rain event,2021-01-27,8 days,/bsuscratch/zacharykeskinen/data/uavsar/ncs/232_2021-01-27_2021-02-03.sd.nc,1.1525094509124756,0.33720189332962036,0.09260031580924988,,0.30575335025787354,0.163469597697258,,0.30333587527275085,,0.29330018162727356,,0.03477586433291435,,0.29359763860702515,,0.04630645364522934,,0.32272523641586304,0.08198951929807663
246,2021-02-10,0.005,0.02,09:03,2020-2021,3.5,2.0,5.5,2.0,6.0,2.0,249.25,5,POINT (-115.51688 44.07249),44.07249,-115.51688,,,,IDBRL1,ID,Boise River Basin,LR_1,Yes, ,2021-02-04,6 days,/bsuscratch/zacharykeskinen/data/uavsar/ncs/232_2021-02-03_2021-02-10.sd.nc,1.1525094509124756,0.5915333032608032,-0.09331712871789932,-0.10997259616851807,0.341470330953598,-0.09453202784061432,-0.1325785368680954,-0.22248154878616333,-0.18251362442970276,0.34749335050582886,-0.12976767122745514,-0.10023441165685654,-0.1771296262741089,0.346387654542923,-0.12572354078292847,-0.11458408832550049,-0.14124330878257751,0.36417001485824585,-0.12418287992477417
249,2021-03-10,0.0,0.0,10:00,2020-2021,0.0,0.0, , , , ,,9,POINT (-115.51688 44.07249),44.07249,-115.51688,,,,IDBRL1,ID,Boise River Basin,LR_1,No, ,2021-03-03,7 days,/bsuscratch/zacharykeskinen/data/uavsar/ncs/232_2021-03-03_2021-03-10.sd.nc,1.1525094509124756,0.4761922061443329,-0.1210976243019104,-0.13524436950683594,0.5359389781951904,-0.13678690791130066,-0.1407041847705841,-0.2099149525165558,-0.12228208780288696,0.5150080919265747,-0.14145417511463165,-0.13198919594287872,-0.11893600970506668,0.5327309966087341,-0.14001277089118958,-0.17390356957912445,-0.16392511129379272,0.5118056535720825,-0.1390567570924759
250,2021-03-17,0.0,0.0,10:00,2020-2021,0.0,0.0, , , , ,,10,POINT (-115.51688 44.07249),44.07249,-115.51688,,,,IDBRL1,ID,Boise River Basin,LR_1,No, ,2021-03-10,7 days,/bsuscratch/zacharykeskinen/data/uavsar/ncs/232_2021-03-10_2021-03-16.sd.nc,1.1525094509124756,0.2675755023956299,-0.14144256711006165,-0.09230145066976547,0.47437533736228943,-0.11197207868099213,-0.11461932957172394,-0.09132977575063705,-0.11567506939172745,0.4675542712211609,-0.11216177046298981,-0.09829434752464294,-0.109595887362957,0.4686751365661621,-0.11378753185272217,-0.08772175759077072,-0.11449870467185974,0.45616570115089417,-0.11327198892831802
251,2021-03-22,0.0,0.0,8:00,2020-2021,0.0,0.0, , , , ,,11,POINT (-115.51688 44.07249),44.07249,-115.51688,,,,IDBRL1,ID,Boise River Basin,LR_1,Yes, ,2021-03-17,5 days,/bsuscratch/zacharykeskinen/data/uavsar/ncs/232_2021-03-16_2021-03-22.sd.nc,1.1525094509124756,0.1330987811088562,-0.054997771978378296,-0.02197752706706524,0.4924747943878174,-0.018126720562577248,0.0016078228363767266,-0.0349283441901207,0.006666472181677818,0.48420825600624084,0.012728674337267876,-0.00569132948294282,0.013138522394001484,0.4817165732383728,0.029612615704536438,-0.05828684940934181,,0.4859609007835388,
253,2021-01-20,0.003,0.018000000000000002,8:30,2020-2021,3.0,1.5,3.0,2.0,3.5,2.0,166.16666666666666,2,POINT (-115.31426 44.13563),44.13563,-115.31426,,,,IDBRL2,ID,Boise River Basin,LR_2,Yes, ,2021-01-15,5 days,/bsuscratch/zacharykeskinen/data/uavsar/ncs/232_2021-01-15_2021-01-20.sd.nc,0.839016318321228,0.8145285248756409,-0.10617804527282715,-0.0919712632894516,0.7378142476081848,-0.07077895849943161,-0.07154451310634613,-0.07571949809789658,-0.0810900330543518,0.6713239550590515,-0.07114584743976593,-0.07637711614370346,-0.08827023953199387,0.694573700428009,-0.07096216082572937,-0.08885486423969269,-0.08884407579898834,0.7293766140937805,-0.0703561082482338
254,2021-01-27,0.017,0.177,8:50,2020-2021,16.0,18.0,17.0,18.0,17.0,17.0,95.75706214689268,3,POINT (-115.31426 44.13563),44.13563,-115.31426,,,,IDBRL2,ID,Boise River Basin,LR_2,Yes, ,2021-01-20,7 days,/bsuscratch/zacharykeskinen/data/uavsar/ncs/232_2021-01-20_2021-01-27.sd.nc,0.839016318321228,0.6495955586433411,0.0645175501704216,0.065731480717659,0.5250533819198608,0.04813931882381439,0.047723617404699326,0.09555745869874954,0.06700147688388824,0.4265318810939789,0.05735016614198685,0.09978382289409637,0.05900071933865547,0.4461573362350464,0.04895756021142006,0.09278140962123871,0.08987586945295334,0.4962294101715088,0.055493250489234924
255,2021-02-04,0.003,0.03,8:30,2020-2021,3.5,3.0,3.5,3.0,3.0,3.0,99.7,4,POINT (-115.31426 44.13563),44.13563,-115.31426,,,,IDBRL2,ID,Boise River Basin,LR_2,Yes, ,2021-01-27,8 days,/bsuscratch/zacharykeskinen/data/uavsar/ncs/232_2021-01-27_2021-02-03.sd.nc,0.839016318321228,0.11255928128957748,0.3102984130382538,,0.36996933817863464,0.2333533614873886,,0.3389720320701599,,0.3330844044685364,,0.35160017013549805,,0.33979058265686035,,0.34097811579704285,,0.36294350028038025,
256,2021-02-10,0.007,0.042,09:29,2020-2021,8.0,4.5,7.0,4.0,6.5,4.0,166.16666666666666,5,POINT (-115.31426 44.13563),44.13563,-115.31426,,,,IDBRL2,ID,Boise River Basin,LR_2,Yes, ,2021-02-04,6 days,/bsuscratch/zacharykeskinen/data/uavsar/ncs/232_2021-02-03_2021-02-10.sd.nc,0.839016318321228,0.47589758038520813,-0.11080106347799301,-0.07075825333595276,0.3519594669342041,-0.09869416803121567,-0.11653038114309311,-0.0995505079627037,,0.3267400860786438,,-0.10315527021884918,,0.31494754552841187,,-0.13037973642349243,,0.3479960560798645,
259,2021-03-10,0.0,0.0,10:20,2020-2021,0.0,0.0, , , , ,,9,POINT (-115.31426 44.13563),44.13563,-115.31426,,,,IDBRL2,ID,Boise River Basin,LR_2,No, ,2021-03-03,7 days,/bsuscratch/zacharykeskinen/data/uavsar/ncs/232_2021-03-03_2021-03-10.sd.nc,0.839016318321228,0.6240291595458984,-0.1966097503900528,-0.18279263377189636,0.5173750519752502,-0.14852972328662872,-0.1410394161939621,-0.18447786569595337,-0.18258138000965118,0.475043386220932,-0.14146630465984344,-0.16856606304645538,-0.17770041525363922,0.4834868013858795,-0.141807422041893,-0.12612104415893555,-0.15553219616413116,0.5065078735351562,-0.14446008205413818
260,2021-03-17,0.0,0.0,10:20,2020-2021,0.0,0.0, , , , ,,10,POINT (-115.31426 44.13563),44.13563,-115.31426,,,,IDBRL2,ID,Boise River Basin,LR_2,No, ,2021-03-10,7 days,/bsuscratch/zacharykeskinen/data/uavsar/ncs/232_2021-03-10_2021-03-16.sd.nc,0.839016318321228,0.5585163831710815,-0.11682181060314178,-0.12270555645227432,0.5532718896865845,-0.11889337003231049,-0.1188969537615776,-0.11070511490106583,-0.10787174105644226,0.4990914762020111,-0.11231666803359985,-0.10865377634763718,-0.10820692777633667,0.5080976486206055,-0.11490373313426971,-0.1436421275138855,-0.1162828579545021,0.530066192150116,-0.11782196909189224
261,2021-03-22,0.006,0.015,8:30,2020-2021,6.0,1.5,6.0,1.0,6.0,2.0,398.8,11,POINT (-115.31426 44.13563),44.13563,-115.31426,,,,IDBRL2,ID,Boise River Basin,LR_2,Yes, ,2021-03-17,5 days,/bsuscratch/zacharykeskinen/data/uavsar/ncs/232_2021-03-16_2021-03-22.sd.nc,0.839016318321228,0.19074520468711853,-0.04669666662812233,,0.38363972306251526,-0.007992587983608246,,0.14139120280742645,,0.381121426820755,,0.12214675545692444,0.012971981428563595,0.388189435005188,0.0014686028007417917,0.1550622582435608,,0.40069204568862915,
263,2021-01-20,0.004,0.03,8:50,2020-2021,4.0,3.0,4.0,3.0,4.0,3.0,132.93333333333334,2,POINT (-115.24869 44.19866),44.19866,-115.24869,,,,IDBRL3,ID,Boise River Basin,LR_3,No, ,2021-01-15,5 days,/bsuscratch/zacharykeskinen/data/uavsar/ncs/232_2021-01-15_2021-01-20.sd.nc,1.2280569076538086,0.7086213231086731,-0.019185155630111694,-0.027551740407943726,0.5881657004356384,-0.04851031303405762,-0.05559226870536804,-0.04563421383500099,-0.040739502757787704,0.5656866431236267,-0.054314691573381424,-0.05514339357614517,-0.04002685844898224,0.5786460041999817,-0.0569290854036808,-0.0285858903080225,-0.03834868595004082,0.5870538353919983,-0.059364818036556244
264,2021-01-27,0.011,0.113,9:00,2020-2021,11.0,11.0,11.0,11.0,11.0,12.0,97.05309734513273,3,POINT (-115.24869 44.19866),44.19866,-115.24869,,,,IDBRL3,ID,Boise River Basin,LR_3,No, ,2021-01-20,7 days,/bsuscratch/zacharykeskinen/data/uavsar/ncs/232_2021-01-20_2021-01-27.sd.nc,1.2280569076538086,0.5813348889350891,0.026961583644151688,0.02195717766880989,0.5140172839164734,0.016690576449036598,0.017902541905641556,0.027820751070976257,0.030466794967651367,0.4778580665588379,0.025756945833563805,-0.021833764389157295,0.020197754725813866,0.492803156375885,0.019902609288692474,0.03225577995181084,0.02028215117752552,0.5035159587860107,0.027454301714897156
265,2021-02-04,0.022,0.098,9:00,2020-2021,22.0,10.0,22.0,10.0,21.5,9.5,223.81632653061223,4,POINT (-115.24869 44.19866),44.19866,-115.24869,,,,IDBRL3,ID,Boise River Basin,LR_3,Yes, ,2021-01-27,8 days,/bsuscratch/zacharykeskinen/data/uavsar/ncs/232_2021-01-27_2021-02-03.sd.nc,1.2280569076538086,0.2673792243003845,0.07461121678352356,,0.31509461998939514,0.17724159359931946,0.21369987726211548,0.07999452203512192,,0.30283015966415405,0.21383173763751984,0.14210708439350128,,0.30117669701576233,0.17257630825042725,0.03992471843957901,,0.31460320949554443,0.12671922147274017
266,2021-02-10,0.008,0.063,09:58,2020-2021,8.0,6.5,8.0,6.0,8.5,6.5,126.6031746031746,5,POINT (-115.24869 44.19866),44.19866,-115.24869,,,,IDBRL3,ID,Boise River Basin,LR_3,No,"LR_3 is more shaded and right at the lip of the ridge, it did not see melt like LR_1, LR_2, and LR_4 saw. ",2021-02-04,6 days,/bsuscratch/zacharykeskinen/data/uavsar/ncs/232_2021-02-03_2021-02-10.sd.nc,1.2280569076538086,0.5010300278663635,-0.07593435049057007,-0.09405872225761414,0.30892670154571533,-0.0838964581489563,-0.11006899923086166,-0.10780779272317886,-0.09565141797065735,0.30360785126686096,-0.10254301875829697,-0.10284309834241867,,0.3072587251663208,-0.11309865862131119,-0.09498517215251923,-0.08871155232191086,0.3150867223739624,-0.1159108504652977
269,2021-03-10,0.0,0.0,10:30,2020-2021,0.0,0.0, , , , ,,9,POINT (-115.24869 44.19866),44.19866,-115.24869,,,,IDBRL3,ID,Boise River Basin,LR_3,No, ,2021-03-03,7 days,/bsuscratch/zacharykeskinen/data/uavsar/ncs/232_2021-03-03_2021-03-10.sd.nc,1.2280569076538086,0.31892600655555725,-0.07845427095890045,-0.07406937330961227,0.4091094434261322,-0.12407444417476654,-0.1117984801530838,-0.11373790353536606,-0.08887357264757156,0.4104556739330292,-0.10472508519887924,-0.17660273611545563,-0.08754261583089828,0.4175598621368408,-0.11024120450019836,-0.09872134774923325,-0.08751828223466873,0.4254920184612274,-0.11198089271783829
270,2021-03-17,0.0,0.0,10:40,2020-2021,0.0,0.0, , , , ,,10,POINT (-115.24869 44.19866),44.19866,-115.24869,,,,IDBRL3,ID,Boise River Basin,LR_3,No, ,2021-03-10,7 days,/bsuscratch/zacharykeskinen/data/uavsar/ncs/232_2021-03-10_2021-03-16.sd.nc,1.2280569076538086,0.6069744825363159,-0.05439294874668121,-0.062021639198064804,0.3847939372062683,-0.08853347599506378,-0.08423130959272385,-0.12228789925575256,-0.1056918352842331,0.3784051835536957,-0.07832754403352737,-0.13610969483852386,-0.10119211673736572,0.37750157713890076,-0.07826754450798035,-0.09394451975822449,-0.09377557039260864,0.3988064229488373,-0.08422677963972092
271,2021-03-22,0.008,0.042,8:30,2020-2021,8.0,4.0,7.0,4.0,7.5,4.5,189.9047619047619,11,POINT (-115.24869 44.19866),44.19866,-115.24869,,,,IDBRL3,ID,Boise River Basin,LR_3,Yes, ,2021-03-17,5 days,/bsuscratch/zacharykeskinen/data/uavsar/ncs/232_2021-03-16_2021-03-22.sd.nc,1.2280569076538086,0.15797235071659088,0.06861907988786697,,0.33842992782592773,0.003279182594269514,,-0.08400358259677887,,0.3334234952926636,,0.131349116563797,,0.3361561596393585,,-0.02532956190407276,,0.3674860894680023,
273,2021-01-27,0.016,0.14300000000000002,9:30,2020-2021,16.0,14.5,15.0,14.5,16.0,14.0,111.55244755244753,3,POINT (-115.21862 44.23075),44.23075,-115.21862,,,,IDBRL4,ID,Boise River Basin,LR_4,Yes, ,2021-01-20,7 days,/bsuscratch/zacharykeskinen/data/uavsar/ncs/232_2021-01-20_2021-01-27.sd.nc,1.147409439086914,0.12724129855632782,-0.06608382612466812,-0.027262970805168152,0.3927876353263855,0.008467087522149086,-0.002651308197528124,0.11375881731510162,,0.3100152611732483,0.02970782294869423,-0.0370640903711319,,0.3119726777076721,0.010099932551383972,-0.08850888162851334,-0.05608036369085312,0.319879412651062,0.016675854101777077
274,2021-02-04,0.028,0.182,10:20,2020-2021,27.0,18.0,28.0,18.0,27.5,18.5,153.3846153846154,4,POINT (-115.21862 44.23075),44.23075,-115.21862,,,,IDBRL4,ID,Boise River Basin,LR_4,Yes, ,2021-01-27,8 days,/bsuscratch/zacharykeskinen/data/uavsar/ncs/232_2021-01-27_2021-02-03.sd.nc,1.147409439086914,0.2672995924949646,0.27859172224998474,0.21365317702293396,0.33714765310287476,0.203974187374115,0.2491915374994278,0.216176375746727,,0.298737108707428,0.2858583927154541,0.23913387954235077,0.22772538661956787,0.2934284210205078,0.3041388988494873,0.23033492267131805,0.24223890900611877,0.2904157042503357,0.25080054998397827
275,2021-02-10,0.009,0.06,10:13,2020-2021,9.0,5.5,8.5,6.0,9.5,6.5,149.54999999999998,5,POINT (-115.21862 44.23075),44.23075,-115.21862,,,,IDBRL4,ID,Boise River Basin,LR_4,Yes, ,2021-02-04,6 days,/bsuscratch/zacharykeskinen/data/uavsar/ncs/232_2021-02-03_2021-02-10.sd.nc,1.147409439086914,0.10943515598773956,-0.10401403903961182,-0.10470806807279587,0.31877246499061584,-0.09384647756814957,-0.1411442756652832,-0.09642627090215683,-0.1787661761045456,0.3003775477409363,-0.11252529174089432,0.016482489183545113,,0.3089635968208313,-0.154658243060112,-0.17854009568691254,-0.18803831934928894,0.3047170639038086,-0.14107531309127808
277,2021-03-03,0.021,0.085,9:30,2020-2021,20.0,8.0,21.0,8.5,22.0,9.0,246.31764705882355,8,POINT (-115.21862 44.23075),44.23075,-115.21862,,,,IDBRL4,ID,Boise River Basin,LR_4,Yes, ,2021-02-10,21 days,/bsuscratch/zacharykeskinen/data/uavsar/ncs/232_2021-02-10_2021-03-03.sd.nc,1.147409439086914,0.4634522497653961,0.2412698119878769,,0.291167676448822,0.3491775691509247,,0.3029016852378845,,0.28828009963035583,,0.27650538086891174,,0.25833839178085327,,0.3214883506298065,,0.2813616991043091,
278,2021-03-10,0.0,0.0,10:40,2020-2021,0.0,0.0, , , , ,,9,POINT (-115.21862 44.23075),44.23075,-115.21862,,,,IDBRL4,ID,Boise River Basin,LR_4,No, ,2021-03-03,7 days,/bsuscratch/zacharykeskinen/data/uavsar/ncs/232_2021-03-03_2021-03-10.sd.nc,1.147409439086914,0.5014788508415222,-0.21092022955417633,-0.09435592591762543,0.3055359721183777,-0.12249576300382614,-0.11085428297519684,-0.0693592056632042,-0.051062583923339844,0.2940363585948944,-0.11935095489025116,-0.0563935786485672,,0.2970886528491974,-0.09240024536848068,-0.07042860984802246,-0.10412261635065079,0.32483136653900146,-0.0870378166437149
279,2021-03-17,0.0,0.0,11:00,2020-2021,0.0,0.0, , , , ,,10,POINT (-115.21862 44.23075),44.23075,-115.21862,,,,IDBRL4,ID,Boise River Basin,LR_4,No, ,2021-03-10,7 days,/bsuscratch/zacharykeskinen/data/uavsar/ncs/232_2021-03-10_2021-03-16.sd.nc,1.147409439086914,0.14395403861999512,-0.15505334734916687,,0.2931292653083801,-0.11326391249895096,-0.12667162716388702,-0.04809453710913658,,0.28957751393318176,-0.1686905175447464,-0.08120203018188477,,0.28640127182006836,-0.10956103354692459,-0.11630623042583466,,0.2845606207847595,-0.13379767537117004
280,2021-03-22,0.013,0.062,10:00,2020-2021,13.0,6.0,12.0,6.5,13.0,6.0,209.04838709677418,11,POINT (-115.21862 44.23075),44.23075,-115.21862,,,,IDBRL4,ID,Boise River Basin,LR_4,Yes, ,2021-03-17,5 days,/bsuscratch/zacharykeskinen/data/uavsar/ncs/232_2021-03-16_2021-03-22.sd.nc,1.147409439086914,0.2276473194360733,0.022380130365490913,,0.27191150188446045,0.006496081128716469,,0.013859778642654419,,0.2729124426841736,0.023448582738637924,0.1276741623878479,,0.26660752296447754,0.07320409268140793,-0.09056597948074341,,0.26187053322792053,
284,2021-01-28,0.024,0.33,10:00,2020-2021,24.0,33.0,24.0,33.0,24.0,33.0,72.5090909090909,3,POINT (-115.23461 44.30344),44.30344,-115.23461,,,,IDBRL5,ID,Boise River Basin,LR_5,No, ,2021-01-20,8 days,/bsuscratch/zacharykeskinen/data/uavsar/ncs/232_2021-01-20_2021-01-27.sd.nc,0.9155122637748718,0.6747472882270813,0.01231091096997261,0.005619934294372797,0.6793461441993713,0.0047136340290308,0.011555090546607971,-0.004610051866620779,0.007678355555981398,0.632770299911499,0.004623233340680599,-0.004021485801786184,0.011360169388353825,0.6491936445236206,0.0026671490631997585,0.00047332129906862974,0.0149772297590971,0.673173189163208,0.008129618130624294
285,2021-02-04,0.038,0.35200000000000004,10:50,2020-2021,37.0,35.0,38.0,34.5,38.0,36.0,107.6306818181818,4,POINT (-115.23461 44.30344),44.30344,-115.23461,,,,IDBRL5,ID,Boise River Basin,LR_5,No, ,2021-01-28,7 days,/bsuscratch/zacharykeskinen/data/uavsar/ncs/232_2021-01-27_2021-02-03.sd.nc,0.9155122637748718,0.664263129234314,0.28552132844924927,0.23403815925121307,0.49788784980773926,0.33611518144607544,0.2700314521789551,0.28153687715530396,0.23359204828739166,0.4402145743370056,0.27834922075271606,0.30491024255752563,0.23515553772449493,0.4438565671443939,0.28079503774642944,0.32617393136024475,0.266304075717926,0.5281316637992859,0.28614541888237
286,2021-02-10,0.011,0.098,11:36,2020-2021,11.0,10.0,11.5,10.0,11.5,9.5,111.90816326530611,5,POINT (-115.23461 44.30344),44.30344,-115.23461,,,,IDBRL5,ID,Boise River Basin,LR_5,No, ,2021-02-04,6 days,/bsuscratch/zacharykeskinen/data/uavsar/ncs/232_2021-02-03_2021-02-10.sd.nc,0.9155122637748718,0.6461334228515625,-0.014290209859609604,-0.051696814596652985,0.5298770666122437,-0.014627465046942234,-0.030854294076561928,-0.06126731261610985,-0.008282658644020557,0.4852001368999481,-0.03350492939352989,-0.0568857342004776,-0.00340741197578609,0.49078840017318726,-0.03245730698108673,-0.03118712268769741,-0.020881781354546547,0.5265365839004517,-0.02787458896636963
289,2021-03-10,0.013,0.107,13:03,2020-2021,12.0,11.0,13.0,10.5,13.0,10.5,121.13084112149532,9,POINT (-115.23461 44.30344),44.30344,-115.23461,,,,IDBRL5,ID,Boise River Basin,LR_5,No, ,2021-03-03,7 days,/bsuscratch/zacharykeskinen/data/uavsar/ncs/232_2021-03-03_2021-03-10.sd.nc,0.9155122637748718,0.15378911793231964,-0.17455092072486877,-0.159648135304451,0.5098896026611328,-0.18765193223953247,-0.1781049519777298,-0.23609350621700287,-0.22485464811325073,0.45009636878967285,-0.19843386113643646,-0.23278206586837769,-0.21784019470214844,0.45616787672042847,-0.1977539360523224,-0.07181019335985184,-0.1935844123363495,0.4896303415298462,-0.18846628069877625
290,2021-03-17,0.0,0.0,14:00,2020-2021,0.0,0.0, , , , ,,10,POINT (-115.23461 44.30344),44.30344,-115.23461,,,,IDBRL5,ID,Boise River Basin,LR_5,No, ,2021-03-10,7 days,/bsuscratch/zacharykeskinen/data/uavsar/ncs/232_2021-03-10_2021-03-16.sd.nc,0.9155122637748718,0.5352279543876648,-0.1491108387708664,-0.1481975018978119,0.5199010968208313,-0.13404147326946259,-0.13580478727817535,-0.1321404129266739,-0.11907915771007538,0.43333351612091064,-0.12849585711956024,-0.1333572268486023,-0.12108117341995239,0.43108507990837097,-0.12869000434875488,-0.11686497926712036,-0.11526013910770416,0.4772237539291382,-0.1368703544139862
291,2021-03-22,0.033,0.23199999999999998,11:00,2020-2021,33.0,23.0,34.0,23.5,33.0,23.0,141.8146551724138,11,POINT (-115.23461 44.30344),44.30344,-115.23461,,,,IDBRL5,ID,Boise River Basin,LR_5,Yes, ,2021-03-17,5 days,/bsuscratch/zacharykeskinen/data/uavsar/ncs/232_2021-03-16_2021-03-22.sd.nc,0.9155122637748718,0.5469423532485962,-0.03271367400884628,,0.38054704666137695,-0.023696381598711014,,0.17870892584323883,-0.032176073640584946,0.3266213536262512,-0.03036770038306713,0.18139849603176117,-0.019777385517954826,0.329829603433609,-0.007116734981536865,-0.08215086907148361,,0.3728739023208618,
294,2021-02-04,0.035,0.353,12:15,2020-2021,37.0,35.0,33.0,35.0,35.0,36.0,98.85269121813033,4,POINT (-115.23465 44.30309),44.30309,-115.23465,,,,IDBRL6,ID,Boise River Basin,LR_6,No, ,2021-01-28,7 days,/bsuscratch/zacharykeskinen/data/uavsar/ncs/232_2021-01-27_2021-02-03.sd.nc,0.8737201690673828,0.5513219237327576,0.35759347677230835,0.2759363055229187,0.4678947925567627,0.3324558138847351,0.26602157950401306,0.30711013078689575,0.2934422492980957,0.43387430906295776,0.27813252806663513,0.2917096018791199,0.2856992781162262,0.43854081630706787,0.28017285466194153,0.30529943108558655,0.26143544912338257,0.5134714841842651,0.2825084626674652
295,2021-02-10,0.01,0.095,11:26,2020-2021,10.0,10.0,9.0,9.0,11.0,9.5,104.94736842105263,5,POINT (-115.23465 44.30309),44.30309,-115.23465,,,,IDBRL6,ID,Boise River Basin,LR_6,No,"LR_6 was done before LR_5, but very close in time. ",2021-02-04,6 days,/bsuscratch/zacharykeskinen/data/uavsar/ncs/232_2021-02-03_2021-02-10.sd.nc,0.8737201690673828,0.5417629480361938,0.0022820543963462114,-0.025863042101264,0.5091463923454285,-0.018248870968818665,-0.034195952117443085,0.0030127691570669413,-0.02663000486791134,0.4955970048904419,-0.03606034070253372,0.002966166939586401,-0.027638038620352745,0.497129887342453,-0.035359516739845276,0.0022816818673163652,-0.010119695216417313,0.5323498249053955,-0.0310769472271204
298,2021-03-10,0.013,0.09300000000000001,13:41,2020-2021,12.0,9.0,13.0,9.0,13.0,10.0,139.36559139784944,9,POINT (-115.23465 44.30309),44.30309,-115.23465,,,,IDBRL6,ID,Boise River Basin,LR_6,Yes, ,2021-03-03,7 days,/bsuscratch/zacharykeskinen/data/uavsar/ncs/232_2021-03-03_2021-03-10.sd.nc,0.8737201690673828,0.4171126186847687,-0.14368967711925507,-0.16976866126060486,0.49643582105636597,-0.19139686226844788,-0.18300054967403412,-0.15651094913482666,-0.19207634031772614,0.45526397228240967,-0.20194701850414276,-0.16045880317687988,-0.19276495277881622,0.4597599506378174,-0.20095005631446838,-0.17413364350795746,-0.19035704433918,0.48683881759643555,-0.1932782530784607
299,2021-03-17,0.0,0.0,11:20,2020-2021,0.0,0.0, , , , ,,10,POINT (-115.23465 44.30309),44.30309,-115.23465,,,,IDBRL6,ID,Boise River Basin,LR_6,No, ,2021-03-10,7 days,/bsuscratch/zacharykeskinen/data/uavsar/ncs/232_2021-03-10_2021-03-16.sd.nc,0.8737201690673828,0.5831418633460999,-0.15423884987831116,-0.13736292719841003,0.5105834007263184,-0.13448676466941833,-0.13719162344932556,-0.1347474604845047,-0.14637985825538635,0.4266210198402405,-0.12918643653392792,-0.16716834902763367,-0.1476021260023117,0.42764443159103394,-0.12934227287769318,-0.1317511349916458,-0.13779976963996887,0.4724177420139313,-0.1366502344608307
300,2021-03-22,0.029,0.21,14:00,2020-2021,29.0,21.0,29.0,21.0,30.0,21.0,137.6809523809524,11,POINT (-115.23465 44.30309),44.30309,-115.23465,,,,IDBRL6,ID,Boise River Basin,LR_6,Yes, ,2021-03-17,5 days,/bsuscratch/zacharykeskinen/data/uavsar/ncs/232_2021-03-16_2021-03-22.sd.nc,0.8737201690673828,0.45311516523361206,-0.04325613006949425,,0.3773782551288605,-0.02981129102408886,,-0.09245484322309494,-0.03586297854781151,0.32184693217277527,-0.029112553223967552,-0.06957582384347916,-0.00290562747977674,0.32722043991088867,-0.006414232775568962,-0.047718193382024765,,0.37987834215164185,
302,2021-02-04,0.037,0.363,12:22,2020-2021,37.0,36.0,38.0,37.0,37.0,36.0,101.62258953168045,4,POINT (-115.23961 44.29675),44.29675,-115.23961,,,,IDBRL7,ID,Boise River Basin,LR_7,No, ,2021-01-28,7 days,/bsuscratch/zacharykeskinen/data/uavsar/ncs/232_2021-01-27_2021-02-03.sd.nc,0.9506564140319824,0.7273848056793213,0.31968453526496887,0.24576188623905182,0.6229641437530518,0.3162350356578827,0.2692004144191742,0.2777625620365143,0.23413002490997314,0.5294000506401062,0.28167006373405457,0.26631441712379456,0.21982958912849426,0.5294562578201294,0.2787526845932007,0.2939014136791229,0.2537936866283417,0.5692355632781982,0.2764478027820587
303,2021-02-10,0.01,0.08199999999999999,13:50,2020-2021,9.0,8.0,9.5,8.0,11.0,8.5,121.58536585365854,5,POINT (-115.23961 44.29675),44.29675,-115.23961,,,,IDBRL7,ID,Boise River Basin,LR_7,No, ,2021-02-04,6 days,/bsuscratch/zacharykeskinen/data/uavsar/ncs/232_2021-02-03_2021-02-10.sd.nc,0.9506564140319824,0.5405111312866211,-0.11967767030000687,-0.10128004103899002,0.6429222822189331,-0.03019743598997593,-0.04542193189263344,-0.09745283424854279,-0.10044334828853607,0.5369307994842529,-0.05269288644194603,-0.09398093819618225,-0.10175571590662003,0.5300213694572449,-0.05241836607456207,-0.11015480756759644,-0.07740604132413864,0.5918717384338379,-0.043487709015607834
306,2021-03-10,0.014,0.12,14:36,2020-2021,14.5,12.0,14.0,11.5,14.0,12.5,116.31666666666666,9,POINT (-115.23961 44.29675),44.29675,-115.23961,,,,IDBRL7,ID,Boise River Basin,LR_7,No, ,2021-03-03,7 days,/bsuscratch/zacharykeskinen/data/uavsar/ncs/232_2021-03-03_2021-03-10.sd.nc,0.9506564140319824,0.2524655759334564,-0.22057941555976868,-0.18904420733451843,0.6560252904891968,-0.17671775817871094,-0.17217621207237244,-0.223817378282547,-0.21443581581115723,0.5277324318885803,-0.18834218382835388,-0.2192102074623108,-0.21550783514976501,0.5270705223083496,-0.18798163533210754,-0.0383644700050354,-0.1810525357723236,0.5711358189582825,-0.1840563267469406
307,2021-03-17,0.0,0.0,16:30,2020-2021,0.0,0.0, , , , ,,10,POINT (-115.23961 44.29675),44.29675,-115.23961,,,,IDBRL7,ID,Boise River Basin,LR_7,No, ,2021-03-10,7 days,/bsuscratch/zacharykeskinen/data/uavsar/ncs/232_2021-03-10_2021-03-16.sd.nc,0.9506564140319824,0.3903549909591675,-0.10683116316795349,-0.1234755739569664,0.6659567356109619,-0.14300420880317688,-0.14657489955425262,-0.06312176585197449,-0.13916084170341492,0.5083901286125183,-0.14045566320419312,-0.04592542722821236,-0.13669833540916443,0.5104105472564697,-0.14111481606960297,-0.1392865628004074,-0.1330542266368866,0.5586106777191162,-0.14389212429523468
308,2021-03-22,0.035,0.257,14:30,2020-2021,34.0,25.0,36.0,26.0,36.0,26.0,135.77821011673154,11,POINT (-115.23961 44.29675),44.29675,-115.23961,,,,IDBRL7,ID,Boise River Basin,LR_7,No, ,2021-03-17,5 days,/bsuscratch/zacharykeskinen/data/uavsar/ncs/232_2021-03-16_2021-03-22.sd.nc,0.9506564140319824,0.569230854511261,-0.05587390437722206,,0.5187780261039734,-0.0408511757850647,,-0.09439755231142044,-0.004034738522022963,0.37543103098869324,-0.01663275435566902,-0.08492331206798553,-0.0017975462833419442,0.3775469660758972,0.0024281523656100035,-0.005190290976315737,,0.4395468831062317,
310,2021-01-28,0.023,0.358,14:30,2020-2021,24.0,35.5,23.0,36.0,23.0,36.0,64.05307262569832,3,POINT (-115.24397 44.29088),44.29088,-115.24397,,,,IDBRL8,ID,Boise River Basin,LR_8,No, ,2021-01-20,8 days,/bsuscratch/zacharykeskinen/data/uavsar/ncs/232_2021-01-20_2021-01-27.sd.nc,1.0119816064834595,0.8339789509773254,-0.0014236225979402661,-0.011961505748331547,0.7128269076347351,-0.025378748774528503,-0.026452817022800446,-0.02497875690460205,-0.018986303359270096,0.6501770615577698,-0.026333414018154144,-0.030171064659953117,-0.023352252319455147,0.6698737740516663,-0.028173131868243217,-0.026421697810292244,-0.013211812824010849,0.672722339630127,-0.02458583004772663
311,2021-02-04,0.038,0.37200000000000005,13:42,2020-2021,39.0,36.5,37.0,37.0,38.0,38.0,101.84408602150536,4,POINT (-115.24397 44.29088),44.29088,-115.24397,,,,IDBRL8,ID,Boise River Basin,LR_8,Yes, ,2021-01-28,7 days,/bsuscratch/zacharykeskinen/data/uavsar/ncs/232_2021-01-27_2021-02-03.sd.nc,1.0119816064834595,0.6655214428901672,0.3354693353176117,0.2376844435930252,0.5094069242477417,0.2743421494960785,0.21570880711078644,0.276912122964859,0.24306651949882507,0.47306084632873535,0.22948279976844788,0.2862287163734436,0.228725865483284,0.4773111045360565,0.2289990335702896,0.2568803131580353,0.2245979756116867,0.4921232759952545,0.22801505029201508
312,2021-02-10,0.014,0.105,14:20,2020-2021,13.0,10.5,14.5,11.0,13.0,10.0,132.93333333333334,5,POINT (-115.24397 44.29088),44.29088,-115.24397,,,,IDBRL8,ID,Boise River Basin,LR_8,No, ,2021-02-04,6 days,/bsuscratch/zacharykeskinen/data/uavsar/ncs/232_2021-02-03_2021-02-10.sd.nc,1.0119816064834595,0.4961463510990143,-0.051058344542980194,-0.026488643139600754,0.6075229048728943,-0.03907860442996025,-0.0563088096678257,-0.017993180081248283,-0.05412277579307556,0.5513299107551575,-0.06122533231973648,-0.023816587403416634,-0.0530613474547863,0.5481716990470886,-0.06162508204579353,-0.07460229843854904,-0.056067343801259995,0.578234851360321,-0.05307945981621742
315,2021-03-10,0.016,0.132,14:53,2020-2021,16.0,13.5,16.0,13.5,16.0,12.5,120.84848484848486,9,POINT (-115.24397 44.29088),44.29088,-115.24397,,,,IDBRL8,ID,Boise River Basin,LR_8,No, ,2021-03-03,7 days,/bsuscratch/zacharykeskinen/data/uavsar/ncs/232_2021-03-03_2021-03-10.sd.nc,1.0119816064834595,0.45925602316856384,-0.16573388874530792,-0.18488340079784393,0.49031680822372437,-0.18939588963985443,-0.18491223454475403,-0.2058994472026825,-0.21680475771427155,0.4264864921569824,-0.2055399864912033,-0.23011289536952972,-0.2231854796409607,0.4261363744735718,-0.20743194222450256,-0.2222091257572174,-0.1966371238231659,0.45668625831604004,-0.1940307766199112
316,2021-03-17,0.0,0.0,16:40,2020-2021,0.0,0.0, , , , ,,10,POINT (-115.24397 44.29088),44.29088,-115.24397,,,,IDBRL8,ID,Boise River Basin,LR_8,No, ,2021-03-10,7 days,/bsuscratch/zacharykeskinen/data/uavsar/ncs/232_2021-03-10_2021-03-16.sd.nc,1.0119816064834595,0.69239741563797,-0.13952131569385529,-0.1558072715997696,0.549507200717926,-0.133121520280838,-0.13563378155231476,-0.10455325245857239,-0.12127385288476944,0.461326539516449,-0.12962424755096436,-0.11308034509420395,-0.12523549795150757,0.46375536918640137,-0.12865597009658813,-0.13283784687519073,-0.13022474944591522,0.4763786494731903,-0.13410258293151855
317,2021-03-22,0.038,0.278,15:00,2020-2021,39.5,26.0,39.0,28.5,37.0,29.0,136.28057553956833,11,POINT (-115.24397 44.29088),44.29088,-115.24397,,,,IDBRL8,ID,Boise River Basin,LR_8,No, ,2021-03-17,5 days,/bsuscratch/zacharykeskinen/data/uavsar/ncs/232_2021-03-16_2021-03-22.sd.nc,1.0119816064834595,0.38419613242149353,-0.014591515064239502,,0.4045906662940979,-0.02343381568789482,,0.142661914229393,-0.0342324823141098,0.33973366022109985,-0.043763045221567154,0.16440893709659576,-0.001719412743113935,0.343019962310791,-0.02375614456832409,-0.06352102011442184,,0.36682844161987305,
319,2021-01-28,0.024,0.33299999999999996,16:00,2020-2021,24.0,33.0,24.0,33.0,24.0,34.0,71.85585585585586,3,POINT (-115.24156 44.2833),44.2833,-115.24156,,,,IDBRL9,ID,Boise River Basin,LR_9,No, ,2021-01-20,8 days,/bsuscratch/zacharykeskinen/data/uavsar/ncs/232_2021-01-20_2021-01-27.sd.nc,1.0272048711776733,0.6187525987625122,0.0031490689143538475,-0.0013554502511397004,0.6650397777557373,-0.022542331367731094,-0.024957260116934776,-0.02250226028263569,0.0179141778498888,0.5853971242904663,-0.023268209770321846,0.006559631321579218,0.01912764273583889,0.5970474481582642,-0.02488609589636326,0.004411728587001562,-0.0026599192060530186,0.5669928789138794,-0.024808518588542938
320,2021-02-04,0.04,0.38299999999999995,14:16,2020-2021,40.0,39.0,41.0,38.0,40.0,38.0,104.12532637075721,4,POINT (-115.24156 44.2833),44.2833,-115.24156,,,,IDBRL9,ID,Boise River Basin,LR_9,No, ,2021-01-28,7 days,/bsuscratch/zacharykeskinen/data/uavsar/ncs/232_2021-01-27_2021-02-03.sd.nc,1.0272048711776733,0.7241783738136292,0.35626140236854553,0.2835486829280853,0.4904713034629822,0.24106328189373016,0.2065463364124298,0.31566110253334045,,0.4375797510147095,0.22837983071804047,0.36420997977256775,,0.44787561893463135,0.22902457416057587,0.3455713093280792,0.2688326835632324,0.4354035258293152,0.22467641532421112
321,2021-02-10,0.017,0.133,15:10,2020-2021,16.0,13.0,16.0,12.5,20.0,14.5,127.4360902255639,5,POINT (-115.24156 44.2833),44.2833,-115.24156,,,,IDBRL9,ID,Boise River Basin,LR_9,No, ,2021-02-04,6 days,/bsuscratch/zacharykeskinen/data/uavsar/ncs/232_2021-02-03_2021-02-10.sd.nc,1.0272048711776733,0.6714302897453308,0.013913055881857872,-0.008085793815553188,0.6062813997268677,-0.030968016013503075,-0.04884098097681999,0.04476400464773178,-0.008898857049643993,0.5555300712585449,-0.0477905236184597,0.02685084566473961,-0.015915850177407265,0.5605412125587463,-0.047819189727306366,0.039720695465803146,-0.005795065779238939,0.566884458065033,-0.0428423248231411
325,2021-03-17,0.0,0.0,16:40,2020-2021,0.0,0.0, , , , ,,10,POINT (-115.24156 44.2833),44.2833,-115.24156,,,,IDBRL9,ID,Boise River Basin,LR_9,No, ,2021-03-10,7 days,/bsuscratch/zacharykeskinen/data/uavsar/ncs/232_2021-03-10_2021-03-16.sd.nc,1.0272048711776733,0.610348641872406,-0.15872471034526825,-0.1570034772157669,0.5291019082069397,-0.12974637746810913,-0.13497883081436157,-0.10658353567123413,-0.1609392613172531,0.4607308804988861,-0.13356629014015198,-0.10637480765581131,-0.1638054996728897,0.46553733944892883,-0.13371944427490234,-0.16792619228363037,-0.1689588874578476,0.45694345235824585,-0.13340350985527039
329,2021-02-03,0.049,0.41,15:35,2020-2021,49.0,41.0, , , , ,119.15365853658537,4,POINT (-115.66576 43.93208),43.93208,-115.66576,,,,IDBRM1,ID,Boise River Basin,MC_1,No, ,2021-01-27,7 days,/bsuscratch/zacharykeskinen/data/uavsar/ncs/232_2021-01-27_2021-02-03.sd.nc,1.070370078086853,0.5016995072364807,0.2845327854156494,,0.435342013835907,0.22877833247184753,,0.2772904336452484,,0.38037317991256714,,0.263573557138443,,0.4077693223953247,,0.2808457612991333,,0.40950527787208557,
330,2021-02-10,0.021,0.11,16:00,2020-2021,16.0,9.0,23.0,11.0,24.0,13.0,190.33636363636364,5,POINT (-115.66576 43.93208),43.93208,-115.66576,,,,IDBRM1,ID,Boise River Basin,MC_1,No, ,2021-02-03,7 days,/bsuscratch/zacharykeskinen/data/uavsar/ncs/232_2021-02-03_2021-02-10.sd.nc,1.070370078086853,0.3228086829185486,0.0027223369106650352,-0.0128687908872962,0.46689578890800476,-0.028644505888223648,-0.02873401716351509,-0.013985616154968739,-0.015287700109183788,0.4241681694984436,-0.03543766960501671,0.001562281046062708,-0.009783998131752014,0.4355694353580475,-0.0332648791372776,0.03257818520069122,-0.02028447575867176,0.4513002038002014,-0.03440995141863823
334,2021-03-10,0.006,0.03,15:50,2020-2021,6.0,3.0,7.0,4.0,5.0,2.0,199.4,9,POINT (-115.66576 43.93208),43.93208,-115.66576,,,,IDBRM1,ID,Boise River Basin,MC_1,Yes,"Air Temp: +1.8 C, liquid water in lower 1 cm of HS, some signs of melt on portions of interval board",2021-03-03,7 days,/bsuscratch/zacharykeskinen/data/uavsar/ncs/232_2021-03-03_2021-03-10.sd.nc,1.070370078086853,0.5898784399032593,-0.1433601677417755,-0.1333596259355545,0.5348540544509888,-0.14961592853069305,-0.14600403606891632,-0.11594060063362122,-0.1499493569135666,0.4423259198665619,-0.14749468863010406,-0.13824105262756348,-0.1481909155845642,0.4930332899093628,-0.1460689753293991,-0.12888573110103607,-0.13118192553520203,0.5061815977096558,-0.1535554975271225
335,2021-03-16,0.0,0.0,17:00,2020-2021,0.0,0.0, , , , ,,10,POINT (-115.66576 43.93208),43.93208,-115.66576,,,,IDBRM1,ID,Boise River Basin,MC_1,No, ,2021-03-10,6 days,/bsuscratch/zacharykeskinen/data/uavsar/ncs/232_2021-03-10_2021-03-16.sd.nc,1.070370078086853,0.694322407245636,-0.09861469268798828,-0.11310125887393951,0.4984927773475647,-0.10536757111549377,-0.10783013701438904,-0.09948184341192245,-0.12409324198961258,0.4212180972099304,-0.10621929913759232,-0.09932347387075424,-0.12871772050857544,0.4476168751716614,-0.10487663745880127,-0.11834441870450974,-0.11445404589176178,0.4598248600959778,-0.10467708110809326
336,2021-03-24,0.014,0.07,16:20,2020-2021,12.0,6.0,16.0,8.0, , ,199.39999999999998,11,POINT (-115.66576 43.93208),43.93208,-115.66576,,,,IDBRM1,ID,Boise River Basin,MC_1,Yes,"Air Temp: +1.8 C, some melt tip of storm board, ice at bottom of snopack/above board but not frozen to board --> no liquid water",2021-03-16,8 days,/bsuscratch/zacharykeskinen/data/uavsar/ncs/232_2021-03-16_2021-03-22.sd.nc,1.070370078086853,0.23136402666568756,-0.03641997277736664,-0.01987195387482643,0.36641448736190796,-0.0048998622223734856,-0.03814328834414482,-0.06783868372440338,-0.032595522701740265,0.3152843713760376,-0.03052937053143978,-0.08669673651456833,-0.013830725103616714,0.32384538650512695,-0.013437747955322266,-0.01700802892446518,,0.34164705872535706,
339,2021-02-03,0.038,0.35,15:35,2020-2021,38.0,35.0, , , , ,108.24571428571429,4,POINT (-115.6684 43.94678),43.94678,-115.6684,,,,IDBRM2,ID,Boise River Basin,MC_2,No, ,2021-01-27,7 days,/bsuscratch/zacharykeskinen/data/uavsar/ncs/232_2021-01-27_2021-02-03.sd.nc,1.464050531387329,0.35621732473373413,0.18516848981380463,,0.3799370229244232,0.11685188114643097,,0.15332822501659393,,0.31219854950904846,,0.10794519633054733,,0.34201666712760925,,0.01818348467350006,,0.37984201312065125,
340,2021-02-10,0.014,0.077,15:00,2020-2021,10.0,6.0,13.0,7.0,18.0,10.0,181.27272727272728,5,POINT (-115.6684 43.94678),43.94678,-115.6684,,,,IDBRM2,ID,Boise River Basin,MC_2,No, ,2021-02-03,7 days,/bsuscratch/zacharykeskinen/data/uavsar/ncs/232_2021-02-03_2021-02-10.sd.nc,1.464050531387329,0.3675432801246643,-0.012028679251670837,-0.04017701372504234,0.4136302173137665,-0.023067619651556015,-0.014591963961720467,0.04326264187693596,-0.026964563876390457,0.35356321930885315,-0.011462314985692501,-0.023621832951903343,-0.022255126386880875,0.36296358704566956,-0.011520186439156532,-0.029863907024264336,-0.026816681027412415,0.40587329864501953,-0.015165875665843487
346,2021-03-24,0.028,0.13,15:20,2020-2021,28.0,13.0,27.0,13.0, , ,214.73846153846154,11,POINT (-115.6684 43.94678),43.94678,-115.6684,,,,IDBRM2,ID,Boise River Basin,MC_2,No,"Air Temp: -1.6 C, ice on board; ice layer @ +7cm above board, no liquid water, photo provided",2021-03-16,8 days,/bsuscratch/zacharykeskinen/data/uavsar/ncs/232_2021-03-16_2021-03-22.sd.nc,1.464050531387329,0.20937791466712952,-0.05914320424199104,-0.02436921000480652,0.33917027711868286,-0.005280249752104282,-0.027106547728180885,0.05952377989888191,,0.29708752036094666,,-0.05813916027545929,,0.3039546608924866,-0.0030262453947216272,-0.03637664020061493,,0.3505186140537262,
348,2021-02-03,0.043,0.41,14:20,2020-2021,43.0,41.0, , , , ,104.56341463414634,4,POINT (-115.67196 43.94743),43.94743,-115.67196,,,,IDBRM3,ID,Boise River Basin,MC_3,No, ,2021-01-27,7 days,/bsuscratch/zacharykeskinen/data/uavsar/ncs/232_2021-01-27_2021-02-03.sd.nc,1.469598650932312,0.3927172124385834,0.18474069237709045,,0.36596155166625977,0.12900425493717194,,0.18462352454662323,,0.3195374310016632,,0.20770412683486938,,0.343929648399353,,0.09024171531200409,,0.3639814555644989,
349,2021-02-10,0.021,0.113,14:35,2020-2021,14.0,8.0,23.0,12.0,25.0,14.0,185.28318584070797,5,POINT (-115.67196 43.94743),43.94743,-115.67196,,,,IDBRM3,ID,Boise River Basin,MC_3,No, ,2021-02-03,7 days,/bsuscratch/zacharykeskinen/data/uavsar/ncs/232_2021-02-03_2021-02-10.sd.nc,1.469598650932312,0.25484782457351685,-0.08514971286058426,,0.4417821764945984,-0.01847873069345951,-0.0027249990962445736,-0.06529995799064636,,0.40415358543395996,0.008711136877536774,0.015708081424236298,,0.4129643440246582,0.0036183837801218033,-0.07971228659152985,,0.4403829276561737,-0.002461944241076708
355,2021-03-24,0.058,0.26,15:00,2020-2021,60.0,26.0,56.0,26.0, , ,222.40769230769232,11,POINT (-115.67196 43.94743),43.94743,-115.67196,,,,IDBRM3,ID,Boise River Basin,MC_3,No,"Air Temp: -1.9 C, ice on board; ice layer @ +7cm above board, no liquid water, photo provided",2021-03-16,8 days,/bsuscratch/zacharykeskinen/data/uavsar/ncs/232_2021-03-16_2021-03-22.sd.nc,1.469598650932312,0.2265065610408783,-0.04845914989709854,,0.3823551535606384,-0.012680255807936192,-0.02405647002160549,-0.06645413488149643,,0.36028122901916504,,-0.0710168331861496,,0.3717406392097473,0.004091696348041296,0.08629950881004333,,0.3895139992237091,
358,2021-02-03,0.045,0.43,14:00,2020-2021,45.0,43.0, , , , ,104.33720930232558,4,POINT (-115.6748 43.94786),43.94786,-115.6748,,,,IDBRM4,ID,Boise River Basin,MC_4,No, ,2021-01-27,7 days,/bsuscratch/zacharykeskinen/data/uavsar/ncs/232_2021-01-27_2021-02-03.sd.nc,1.256371259689331,0.3009974956512451,0.03376438841223717,,0.41094833612442017,0.16144949197769165,,0.2597722113132477,,0.35649845004081726,,0.27868130803108215,,0.39002397656440735,,0.2523477375507355,,0.3999979794025421,
359,2021-02-10,0.028,0.14300000000000002,14:15,2020-2021,25.0,13.0,28.0,14.0,32.0,16.0,195.2167832167832,5,POINT (-115.6748 43.94786),43.94786,-115.6748,,,,IDBRM4,ID,Boise River Basin,MC_4,No, ,2021-02-03,7 days,/bsuscratch/zacharykeskinen/data/uavsar/ncs/232_2021-02-03_2021-02-10.sd.nc,1.256371259689331,0.5995636582374573,0.03273705393075943,0.026532262563705444,0.5277235507965088,-0.006302973721176386,-0.00045422711991705,0.025693196803331375,0.014268921688199043,0.4450422525405884,0.0028099436312913895,0.048030368983745575,0.019767967984080315,0.46226584911346436,0.008061999455094337,0.01746664196252823,0.025458548218011856,0.4893317222595215,0.0006059245206415653
363,2021-03-10,0.013,0.09,14:10,2020-2021,11.0,7.0,15.0,11.0, , ,144.0111111111111,9,POINT (-115.6748 43.94786),43.94786,-115.6748,,,,IDBRM4,ID,Boise River Basin,MC_4,No,"Air Temp: -1.6 C, large ice crystals on board",2021-03-03,7 days,/bsuscratch/zacharykeskinen/data/uavsar/ncs/232_2021-03-03_2021-03-10.sd.nc,1.256371259689331,0.48252642154693604,-0.10479667037725449,-0.10898163169622421,0.4990938603878021,-0.11099883913993835,-0.11405175924301147,-0.1350533664226532,-0.10309378057718277,0.45013779401779175,-0.11934465169906616,-0.15132583677768707,-0.12044256180524826,0.4810263514518738,-0.11885133385658264,-0.07950233668088913,-0.09938863664865494,0.48622724413871765,-0.11726375669240952
364,2021-03-16,0.0,0.0,15:00,2020-2021,0.0,0.0, , , , ,,10,POINT (-115.6748 43.94786),43.94786,-115.6748,,,,IDBRM4,ID,Boise River Basin,MC_4,Yes,"Air Temp: +5.8 C, no new snow",2021-03-10,6 days,/bsuscratch/zacharykeskinen/data/uavsar/ncs/232_2021-03-10_2021-03-16.sd.nc,1.256371259689331,0.40974822640419006,-0.055478330701589584,-0.07693245261907578,0.5039243698120117,-0.08293872326612473,-0.084331214427948,-0.09988372772932053,-0.08481663465499878,0.46568670868873596,-0.09150999784469604,-0.10496161133050919,-0.08979811519384384,0.4890342652797699,-0.0914701446890831,-0.06312686949968338,-0.08659176528453827,0.5004593729972839,-0.08463774621486664
365,2021-03-24,0.02,0.095,14:40,2020-2021,23.0,10.0,18.0,9.0, , ,209.89473684210526,11,POINT (-115.6748 43.94786),43.94786,-115.6748,,,,IDBRM4,ID,Boise River Basin,MC_4,No,"Air Temp: -1.3 C, ice on board; ice layer @+7cm above board, no liquid water, photo provided",2021-03-16,8 days,/bsuscratch/zacharykeskinen/data/uavsar/ncs/232_2021-03-16_2021-03-22.sd.nc,1.256371259689331,0.48711732029914856,-0.0591844879090786,-0.017739316448569298,0.4594096541404724,-0.025299202650785446,-0.025405822321772575,-0.028353331610560417,,0.4097159206867218,,-0.03207772225141525,-0.0006139159086160362,0.4296334385871887,0.005106756929308176,-0.06853434443473816,,0.46538931131362915,
367,2021-02-03,0.043,0.39,11:45,2020-2021,43.0,39.0, , , , ,109.92564102564101,4,POINT (-115.67679 43.94737),43.94737,-115.67679,,,,IDBRM5,ID,Boise River Basin,MC_5,No, ,2021-01-27,7 days,/bsuscratch/zacharykeskinen/data/uavsar/ncs/232_2021-01-27_2021-02-03.sd.nc,1.4683573246002197,0.5286647081375122,0.0847630649805069,,0.3714290261268616,0.13298384845256805,,0.06176149100065231,,0.32593435049057007,,0.20988228917121887,,0.34693196415901184,,0.047052137553691864,,0.3724740147590637,
368,2021-02-10,0.037,0.21,11:45,2020-2021,36.0,20.0,37.0,21.0,39.0,22.0,175.66190476190474,5,POINT (-115.67679 43.94737),43.94737,-115.67679,,,,IDBRM5,ID,Boise River Basin,MC_5,No,wind affected/firm,2021-02-03,7 days,/bsuscratch/zacharykeskinen/data/uavsar/ncs/232_2021-02-03_2021-02-10.sd.nc,1.4683573246002197,0.3517889678478241,-0.14705708622932434,,0.4061361253261566,-0.022060934454202652,-0.0029436741024255753,-0.04757773131132126,,0.35962560772895813,0.0044790529645979404,-0.14271309971809387,,0.3709571659564972,0.0009565891232341528,-0.09313744306564331,,0.37599897384643555,-0.00822647474706173
372,2021-03-10,0.016,0.10300000000000001,11:30,2020-2021,16.0,10.0,14.0,9.0,19.0,12.0,154.87378640776697,9,POINT (-115.67679 43.94737),43.94737,-115.67679,,,,IDBRM5,ID,Boise River Basin,MC_5,Yes,"Air Temp: -2.8 C, trace ice crystals on board - not a layer",2021-03-03,7 days,/bsuscratch/zacharykeskinen/data/uavsar/ncs/232_2021-03-03_2021-03-10.sd.nc,1.4683573246002197,0.2805463671684265,-0.08340704441070557,-0.1417497992515564,0.37012335658073425,-0.11755940318107605,-0.11414822936058044,-0.1255059540271759,-0.15950144827365875,0.3556291162967682,-0.12383415549993515,-0.13674920797348022,-0.14696235954761505,0.3640393614768982,-0.12359615415334702,-0.17019863426685333,,0.3608773350715637,-0.11660163104534149
373,2021-03-16,0.0,0.0,11:50,2020-2021,0.0,0.0, , , , ,,10,POINT (-115.67679 43.94737),43.94737,-115.67679,,,,IDBRM5,ID,Boise River Basin,MC_5,Yes,"Air Temp: +2.4 C, no new snow",2021-03-10,6 days,/bsuscratch/zacharykeskinen/data/uavsar/ncs/232_2021-03-10_2021-03-16.sd.nc,1.4683573246002197,0.2607412338256836,-0.14837363362312317,,0.3547489643096924,-0.08116385340690613,-0.07408301532268524,-0.04079321771860123,,0.34770694375038147,-0.06613412499427795,-0.16191157698631287,,0.36438220739364624,-0.0726889818906784,-0.1018638089299202,-0.12981238961219788,0.364284485578537,-0.076149120926857
374,2021-03-24,0.05,0.26,12:25,2020-2021,47.0,24.0,54.0,28.0, , ,191.73076923076925,11,POINT (-115.67679 43.94737),43.94737,-115.67679,,,,IDBRM5,ID,Boise River Basin,MC_5,No,"Air Temp: -1.9 C, ice on board; ice layer @+7cm above board, no liquid water, photo provided",2021-03-16,8 days,/bsuscratch/zacharykeskinen/data/uavsar/ncs/232_2021-03-16_2021-03-22.sd.nc,1.4683573246002197,0.4120088815689087,-0.035656772553920746,,0.33612579107284546,0.0036109292414039373,-0.03611678630113602,0.05534479022026062,,0.3248797059059143,,0.006334574893116951,,0.3302852511405945,-0.001597135211341083,0.07563142478466034,,0.3396472632884979,
376,2021-02-03,0.058,0.43,12:05,2020-2021,58.0,43.0, , , , ,134.47906976744187,4,POINT (-115.67828 43.94854),43.94854,-115.67828,,,,IDBRM6,ID,Boise River Basin,MC_6,No, ,2021-01-27,7 days,/bsuscratch/zacharykeskinen/data/uavsar/ncs/232_2021-01-27_2021-02-03.sd.nc,1.2129950523376465,0.5658370852470398,0.26116082072257996,,0.44549983739852905,0.18329668045043945,,0.22247891128063202,,0.33557605743408203,,0.16527462005615234,,0.34818077087402344,,0.26927894353866577,,0.3709028959274292,
377,2021-02-10,0.048,0.253,12:10,2020-2021,47.0,25.0, ,25.0,49.0,26.0,189.15415019762847,5,POINT (-115.67828 43.94854),43.94854,-115.67828,,,,IDBRM6,ID,Boise River Basin,MC_6,No,SW wind affected surface,2021-02-03,7 days,/bsuscratch/zacharykeskinen/data/uavsar/ncs/232_2021-02-03_2021-02-10.sd.nc,1.2129950523376465,0.1267349272966385,0.046265650540590286,0.022279687225818634,0.45687755942344666,-0.016232924535870552,0.004176277667284012,0.02179834432899952,0.016627419739961624,0.3567306697368622,-0.0029252273961901665,0.030712274834513664,0.023647990077733994,0.3778250217437744,0.005063367076218128,0.0007656547822989523,,0.41785532236099243,0.005616556853055954
381,2021-03-10,0.017,0.11699999999999999,11:55,2020-2021,16.0,11.0,15.0,11.0,19.0,13.0,144.86324786324786,9,POINT (-115.67828 43.94854),43.94854,-115.67828,,,,IDBRM6,ID,Boise River Basin,MC_6,No,"Air Temp: -3.9 C, very thin/sparse ice layer on board",2021-03-03,7 days,/bsuscratch/zacharykeskinen/data/uavsar/ncs/232_2021-03-03_2021-03-10.sd.nc,1.2129950523376465,0.5950527191162109,-0.0991847887635231,-0.12636123597621918,0.4092842638492584,-0.1441545933485031,-0.14770910143852234,-0.0615810751914978,-0.15719439089298248,0.3269606828689575,-0.16112695634365082,-0.1296360045671463,-0.1597595065832138,0.35545074939727783,-0.15674974024295807,-0.1020747721195221,-0.1620049774646759,0.37522754073143005,-0.15282203257083893
382,2021-03-16,0.0,0.0,13:20,2020-2021,0.0,0.0, , , , ,,10,POINT (-115.67828 43.94854),43.94854,-115.67828,,,,IDBRM6,ID,Boise River Basin,MC_6,Yes,"Air Temp: +3.3 C, no new snow",2021-03-10,6 days,/bsuscratch/zacharykeskinen/data/uavsar/ncs/232_2021-03-10_2021-03-16.sd.nc,1.2129950523376465,0.770237147808075,-0.09897803515195847,-0.0954856127500534,0.45042547583580017,-0.09193111956119537,-0.09099020808935165,-0.07448845356702805,-0.0592997781932354,0.35629311203956604,-0.08334466814994812,-0.06298423558473587,-0.07219093292951584,0.36958226561546326,-0.08589206635951996,-0.09097661077976227,-0.0955805629491806,0.40176230669021606,-0.08821798115968704
383,2021-03-24,0.026,0.135,12:50,2020-2021,23.0,12.0,28.0,15.0, , ,192.0148148148148,11,POINT (-115.67828 43.94854),43.94854,-115.67828,,,,IDBRM6,ID,Boise River Basin,MC_6,No,"Air Temp: -4.6 C, very little ice on board, ice @+5cm, very slight wind-affected surface",2021-03-16,8 days,/bsuscratch/zacharykeskinen/data/uavsar/ncs/232_2021-03-16_2021-03-22.sd.nc,1.2129950523376465,0.40246546268463135,-0.017083071172237396,-0.03364754840731621,0.38324102759361267,-0.006352802738547325,-0.033091675490140915,0.0017758669564500451,,0.3073309659957886,,-0.004084249958395958,,0.31011638045310974,-0.02159385196864605,-0.01892017386853695,,0.33363211154937744,
385,2021-02-03,0.047,0.43,13:15,2020-2021,47.0,43.0, , , , ,108.97441860465116,4,POINT (-115.67997 43.95258),43.95258,-115.67997,,,,IDBRM7,ID,Boise River Basin,MC_7,No, ,2021-01-27,7 days,/bsuscratch/zacharykeskinen/data/uavsar/ncs/232_2021-01-27_2021-02-03.sd.nc,1.3322408199310303,0.25161758065223694,0.15659117698669434,,0.3797548711299896,0.11450602114200592,,0.1743316799402237,,0.3160353899002075,,0.18046638369560242,,0.3243662118911743,,0.1671118140220642,,0.3804720640182495,
386,2021-02-10,0.022,0.13,13:30,2020-2021,20.0,11.0,21.0,13.0,26.0,15.0,168.72307692307692,5,POINT (-115.67997 43.95258),43.95258,-115.67997,,,,IDBRM7,ID,Boise River Basin,MC_7,No,"Lots of SH development; light wind, area wind scoured from previous event? Rare to see this little HS at TOW-3.",2021-02-03,7 days,/bsuscratch/zacharykeskinen/data/uavsar/ncs/232_2021-02-03_2021-02-10.sd.nc,1.3322408199310303,0.13619105517864227,-0.0269289743155241,,0.4165728986263275,-0.029158707708120346,0.007268942426890135,0.009621459059417248,-0.06462498009204865,0.3686099648475647,0.0169588103890419,-0.15727877616882324,,0.3796619474887848,0.026202671229839325,-0.0036498652771115303,0.0011824342655017972,0.3827086389064789,0.005154317710548639
392,2021-03-24,0.044,0.26,14:05,2020-2021,44.0,27.0,43.0,25.0, , ,168.72307692307692,11,POINT (-115.67997 43.95258),43.95258,-115.67997,,,,IDBRM7,ID,Boise River Basin,MC_7,No,"Air Temp: -1.6 C, very little ice on board, ice @ +5cm, very slight wind-affected surface",2021-03-16,8 days,/bsuscratch/zacharykeskinen/data/uavsar/ncs/232_2021-03-16_2021-03-22.sd.nc,1.3322408199310303,0.12009800970554352,0.05934382230043411,,0.3276793956756592,-0.004304549656808376,-0.04551885277032852,0.05599779635667801,,0.3036488890647888,,0.057313546538352966,,0.3119451403617859,-0.008785243146121502,0.09262431412935257,,0.324892520904541,
394,2021-02-03,0.058,0.51,12:25,2020-2021,58.0,51.0, , , , ,113.38431372549019,4,POINT (-115.68174 43.95249),43.95249,-115.68174,,,,IDBRM8,ID,Boise River Basin,MC_8,No, ,2021-01-27,7 days,/bsuscratch/zacharykeskinen/data/uavsar/ncs/232_2021-01-27_2021-02-03.sd.nc,1.3985564708709717,0.311798632144928,0.22168105840682983,,0.36572393774986267,0.1276429146528244,,0.16630975902080536,,0.3134843707084656,,0.16314470767974854,,0.3233307898044586,,0.18974162638187408,,0.34352412819862366,
395,2021-02-10,0.05,0.273,12:35,2020-2021,48.0,26.0, ,27.0,52.0,29.0,182.60073260073258,5,POINT (-115.68174 43.95249),43.95249,-115.68174,,,,IDBRM8,ID,Boise River Basin,MC_8,No, ,2021-02-03,7 days,/bsuscratch/zacharykeskinen/data/uavsar/ncs/232_2021-02-03_2021-02-10.sd.nc,1.3985564708709717,0.24851463735103607,-0.13123609125614166,,0.3422441780567169,-0.044285934418439865,-0.0016074043232947588,-0.08762283623218536,,0.3106096386909485,-0.014943280257284641,-0.09762774407863617,,0.3010179102420807,-0.012910231947898865,-0.0027851674240082502,,0.3219296336174011,-0.004806560464203358
399,2021-03-10,0.012,0.075,12:15,2020-2021,13.0,9.0,11.0,6.0, , ,159.52,9,POINT (-115.68174 43.95249),43.95249,-115.68174,,,,IDBRM8,ID,Boise River Basin,MC_8,No,"Air Temp: -2.2 C, variable ice on board - SWE higher",2021-03-03,7 days,/bsuscratch/zacharykeskinen/data/uavsar/ncs/232_2021-03-03_2021-03-10.sd.nc,1.3985564708709717,0.24112865328788757,-0.17106449604034424,,0.3453456461429596,-0.13361752033233643,-0.14497052133083344,-0.16959141194820404,,0.29388800263404846,-0.1599048674106598,-0.076496921479702,,0.3113999366760254,-0.15759645402431488,-0.1857828050851822,,0.3171136677265167,-0.14696311950683594
400,2021-03-16,0.0,0.0,13:35,2020-2021,0.0,0.0, , , , ,,10,POINT (-115.68174 43.95249),43.95249,-115.68174,,,,IDBRM8,ID,Boise River Basin,MC_8,Yes,"Air Temp: +5.3 C, no new snow",2021-03-10,6 days,/bsuscratch/zacharykeskinen/data/uavsar/ncs/232_2021-03-10_2021-03-16.sd.nc,1.3985564708709717,0.23177996277809143,-0.06549206376075745,-0.03388466686010361,0.34525811672210693,-0.07886580377817154,-0.07213824987411499,-0.04537274315953255,,0.31533801555633545,-0.07643187791109085,-0.16475413739681244,,0.32497140765190125,-0.07222538441419601,-0.01321674045175314,,0.33189621567726135,-0.07209834456443787
401,2021-03-24,0.036,0.18,13:15,2020-2021,35.0,18.0,37.0,18.0, , ,199.39999999999998,11,POINT (-115.68174 43.95249),43.95249,-115.68174,,,,IDBRM8,ID,Boise River Basin,MC_8,No,"Air Temp: -2.7 C, very little ice on board, ice @ +5cm, very slight wind-affected surface",2021-03-16,8 days,/bsuscratch/zacharykeskinen/data/uavsar/ncs/232_2021-03-16_2021-03-22.sd.nc,1.3985564708709717,0.14424242079257965,-0.03681540861725807,,0.2984310984611511,0.0073212445713579655,-0.03573862463235855,0.014722535386681557,,0.28222277760505676,-0.0427151694893837,0.049514319747686386,,0.2859516739845276,-0.028050564229488373,-0.0012853442458435893,,0.2957708239555359,
404,2021-02-03,0.074,0.49,12:50,2020-2021,74.0,49.0, , , , ,150.56734693877553,4,POINT (-115.68158 43.9549),43.9549,-115.68158,,,,IDBRM9,ID,Boise River Basin,MC_9,No, ,2021-01-27,7 days,/bsuscratch/zacharykeskinen/data/uavsar/ncs/232_2021-01-27_2021-02-03.sd.nc,1.2901453971862793,0.3187704384326935,0.2313336730003357,,0.41740015149116516,0.14338594675064087,,0.21755872666835785,,0.32254302501678467,,0.26385384798049927,,0.3362693786621094,,0.22988776862621307,,0.36910152435302734,
405,2021-02-10,0.005,0.03,12:55,2020-2021,4.0,2.0,5.0,3.0,6.0,4.0,166.16666666666669,5,POINT (-115.68158 43.9549),43.9549,-115.68158,,,,IDBRM9,ID,Boise River Basin,MC_9,No,Heavily wind affected firm,2021-02-03,7 days,/bsuscratch/zacharykeskinen/data/uavsar/ncs/232_2021-02-03_2021-02-10.sd.nc,1.2901453971862793,0.21376357972621918,-0.015101146884262562,0.013424083590507507,0.4295739531517029,-0.019183866679668427,-0.004073059186339378,-0.14099231362342834,,0.32692092657089233,-0.003212614683434367,-0.019409915432333946,-0.027382127940654755,0.34880995750427246,-0.0036440053954720497,-0.0002514162042643875,-0.022596299648284912,0.4068554639816284,-0.006399160251021385
409,2021-03-10,0.012,0.075,12:50,2020-2021,11.0,7.0,13.0,8.0, , ,159.52,9,POINT (-115.68158 43.9549),43.9549,-115.68158,,,,IDBRM9,ID,Boise River Basin,MC_9,No,"Air Temp: -2.1 C, very little ice on board",2021-03-03,7 days,/bsuscratch/zacharykeskinen/data/uavsar/ncs/232_2021-03-03_2021-03-10.sd.nc,1.2901453971862793,0.3269772529602051,-0.06978703290224075,-0.09589356929063797,0.3859643340110779,-0.127363920211792,-0.12834137678146362,-0.15978050231933594,,0.29947444796562195,-0.13603004813194275,-0.025998134166002274,,0.31587886810302734,-0.1402128040790558,-0.08553186804056168,,0.34695619344711304,-0.13788509368896484
410,2021-03-16,0.0,0.0,13:50,2020-2021,0.0,0.0, , , , ,,10,POINT (-115.68158 43.9549),43.9549,-115.68158,,,,IDBRM9,ID,Boise River Basin,MC_9,Yes,"Air Temp: +2.7 C, no new snow",2021-03-10,6 days,/bsuscratch/zacharykeskinen/data/uavsar/ncs/232_2021-03-10_2021-03-16.sd.nc,1.2901453971862793,0.20742905139923096,-0.1004728451371193,-0.07413218915462494,0.3876219391822815,-0.08598034828901291,-0.08615266531705856,-0.13935977220535278,,0.31610071659088135,-0.07871408015489578,-0.1701490879058838,-0.09142465889453888,0.3463885486125946,-0.07998038828372955,-0.13379546999931335,-0.10282571613788605,0.34424445033073425,-0.07651223987340927
411,2021-03-24,0.026,0.125,13:40,2020-2021,25.0,12.0,27.0,13.0, , ,207.37599999999998,11,POINT (-115.68158 43.9549),43.9549,-115.68158,,,,IDBRM9,ID,Boise River Basin,MC_9,No,"Air Temp: -1.9 C, very little ice on board, ice @ +5cm, very slight wind-affected surface",2021-03-16,8 days,/bsuscratch/zacharykeskinen/data/uavsar/ncs/232_2021-03-16_2021-03-22.sd.nc,1.2901453971862793,0.23811209201812744,-0.03732100874185562,0.004271902609616518,0.3271770477294922,0.01803618296980858,-0.020194917917251587,-0.046383313834667206,,0.2851024270057678,-0.023547284305095673,-0.04355514049530029,,0.2950282096862793,-0.042999520897865295,-0.01358298771083355,,0.30935943126678467,-0.06808339804410934
